--------- beginning of events
06-05 06:55:31.464  1319  1997 I am_cpu  : [8276,10104,id.apps.weather,60152,410,380]
06-05 06:55:31.464  1319  1997 I am_cpu  : [8388,10185,mpanion.android,79508,950,720]
06-05 06:55:31.464  1319  1997 I am_cpu  : [8534,0,kworker/u8:2-memlat_wq,79508,0,240]
06-05 06:55:31.464  1319  1997 I am_cpu  : [8539,0,kworker/1:4H-kverityd,130508,0,50]
06-05 06:55:31.464  1319  1997 I am_cpu  : [8619,0,kworker/1:6H-kverityd,130509,0,40]
06-05 06:55:31.464  1319  1997 I am_cpu  : [8633,0,kworker/1:7H-kverityd,60151,0,70]
06-05 06:55:31.464  1319  1997 I am_cpu  : [8739,0,kworker/1:10H-kverityd,130509,0,20]
06-05 06:55:31.464  1319  1997 I am_cpu  : [8741,0,kworker/1:12H-kblockd,379580,0,10]
06-05 06:55:31.464  1319  1997 I am_cpu  : [8742,0,kworker/1:13H-kverityd,130509,0,10]
06-05 06:55:31.464  1319  1997 I am_cpu  : [8774,0,kworker/3:1H-kverityd,79508,0,20]
06-05 06:55:31.464  1319  1997 I am_cpu  : [8838,0,kworker/3:6H-kblockd,315797,0,10]
06-05 06:55:31.464  1319  1997 I am_cpu  : [8943,0,kworker/u8:3-events_unbound,79508,0,160]
06-05 06:55:31.464  1319  1997 I am_cpu  : [8944,0,kworker/u8:4-events_unbound,79508,0,150]
06-05 06:55:31.464  1319  1997 I am_cpu  : [8945,0,kworker/u8:5-events_unbound,79508,0,430]
06-05 06:55:31.464  1319  1997 I am_cpu  : [8946,0,kworker/u8:6-events_unbound,79508,0,190]
06-05 06:55:31.464  1319  1997 I am_cpu  : [8947,0,kworker/u8:7-events_unbound,60151,0,180]
06-05 06:55:31.464  1319  1997 I am_cpu  : [8949,0,kworker/u8:9-events_unbound,79508,0,160]
06-05 06:55:31.464  1319  1997 I am_cpu  : [8950,0,kworker/u8:10-events_unbound,79508,0,110]
06-05 06:55:31.464  1319  1997 I am_cpu  : [8951,0,kworker/u8:11-events_unbound,60150,0,210]
06-05 06:55:31.464  1319  1997 I am_cpu  : [8952,0,kworker/u8:12-events_unbound,79508,0,140]
06-05 06:55:31.464  1319  1997 I am_cpu  : [8953,0,kworker/u8:13-events_unbound,79508,0,360]
06-05 06:55:31.464  1319  1997 I am_cpu  : [8954,0,kworker/u8:14-events_unbound,79508,0,120]
06-05 06:55:31.464  1319  1997 I am_cpu  : [8955,0,kworker/u8:15-events_unbound,79508,0,220]
06-05 06:55:31.464  1319  1997 I am_cpu  : [8956,0,kworker/u8:16-events_unbound,79508,0,250]
06-05 06:55:31.464  1319  1997 I am_cpu  : [8957,0,kworker/u8:17-events_unbound,79509,0,130]
06-05 06:55:31.464  1319  1997 I am_cpu  : [8959,0,kworker/u8:19-events_unbound,60151,0,150]
06-05 06:55:31.464  1319  1997 I am_cpu  : [8960,0,kworker/u8:20-events_unbound,79508,0,110]
06-05 06:55:31.464  1319  1997 I am_cpu  : [8965,0,iptables-restor,60151,0,30]
06-05 06:55:31.464  1319  1997 I am_cpu  : [8967,0,ip6tables-resto,79508,0,30]
06-05 06:55:31.464  1319  1997 I am_cpu  : [8990,0,kworker/u8:24-events_unbound,79508,0,120]
06-05 06:55:31.464  1319  1997 I am_cpu  : [9009,0,kworker/2:10H-kverityd,60150,0,60]
06-05 06:55:31.464  1319  1997 I am_cpu  : [9710,10152,ectivitymonitor,79508,0,30]
06-05 06:55:31.464  1319  1997 I am_cpu  : [9742,0,kworker/1:15H-kverityd,130508,0,50]
06-05 06:55:31.465  1319  1997 I am_cpu  : [10786,0,kworker/2:1,60150,0,120]
06-05 06:55:31.465  1319  1997 I am_cpu  : [11115,0,kworker/0:10H-kverityd,60150,0,70]
06-05 06:55:31.465  1319  1997 I am_cpu  : [11248,0,kworker/0:0-events,60150,0,20]
06-05 06:55:31.465  1319  1997 I am_cpu  : [11262,0,binder:11262_2,60149,70,320]
06-05 06:55:31.465  1319  1997 I am_cpu  : [11559,1020,mdnsd,190956,0,20]
06-05 06:55:31.465  1319  1997 I am_cpu  : [11627,10062,.media.sessions,60149,60,150]
06-05 06:55:31.465  1319  1997 I am_cpu  : [11701,0,kworker/3:8H-kverityd,79507,0,10]
06-05 06:55:31.465  1319  1997 I am_cpu  : [11703,0,kworker/3:11H-kverityd,60150,0,10]
06-05 06:55:31.465  1319  1997 I am_cpu  : [11972,0,kworker/u8:22-events_unbound,79508,0,140]
06-05 06:55:31.465  1319  1997 I am_cpu  : [12157,0,kworker/2:3H-kverityd,254266,0,20]
06-05 06:55:31.465  1319  1997 I am_cpu  : [12275,0,kworker/3:0-pm,60149,0,110]
06-05 06:55:31.465  1319  1997 I am_cpu  : [12324,0,kworker/1:2-pm,254264,0,110]
06-05 06:55:31.465  1319  1997 I am_cpu  : [12841,0,kworker/0:2-events,79507,0,140]
06-05 06:55:31.465  1319  1997 I am_cpu  : [13147,0,kworker/3:4H-kverityd,0,0,0]
06-05 06:55:31.465  1319  1997 I am_cpu  : [13148,0,kworker/3:7H-kverityd,0,0,0]
06-05 06:55:31.465  1319  1997 I am_cpu  : [13177,0,kworker/u8:8-events_unbound,0,0,0]
06-05 06:55:31.465  1319  1997 I am_cpu  : [13199,0,kworker/u8:25,0,0,0]
06-05 06:55:31.465  1319  1997 I am_cpu  : [13202,10184,com.strava,0,0,0]
06-05 06:55:31.465  1319  1997 I am_cpu  : [16772,10050,gle.android.tts,79510,10,30]
06-05 06:55:31.465  1319  1997 I am_cpu  : [17353,0,kworker/u8:23-events_unbound,79509,0,130]
06-05 06:55:31.465  1319  1997 I am_cpu  : [22608,0,kworker/u8:21-events_unbound,79509,0,240]
06-05 06:55:31.465  1319  1997 I am_cpu  : [31232,2000,diag_mdlog,79509,10,20]
06-05 06:55:31.465  1319  1997 I am_cpu  : [32266,0,kworker/3:9H-kverityd,60150,0,60]
06-05 06:55:32.614  1319  2072 I am_unfreeze: [12491,com.google.android.apps.safetyhub,3]
06-05 06:57:21.690  1319  2072 I am_freeze: [12491,com.google.android.apps.safetyhub]
06-05 06:58:32.702  1319  2072 I am_compact: [12491,com.google.android.apps.safetyhub,ANON,76844,56996,19592,35140,-13824,-4736,-9088,8960,211,FULL,53771925,905,19,307632,-1856]
06-05 06:58:32.837  1319  1319 I wifi_session: [1,5132511]
06-05 06:58:33.250  1319  2130 I netstats_mobile_sample: [323622,205531,825,953,323058,203163,817,923,1780657108749]
06-05 06:58:33.252  1319  2130 I netstats_wifi_sample: [418174684,135139443,376567,249921,419363199,133823853,377851,241915,1780657108749]
06-05 06:58:33.494  7228 13282 I gtalk_conn_close: [1793,5078]
06-05 06:58:33.581  1319  2130 I netstats_mobile_sample: [323622,205531,825,953,323058,203163,817,923,1780657109082]
06-05 06:58:33.583  1319  2130 I netstats_wifi_sample: [418174684,135139443,376567,249921,419363199,133823853,377851,241915,1780657109082]
06-05 06:58:33.706  1319  2130 I netstats_mobile_sample: [323622,205531,825,953,323058,203163,817,923,1780657109206]
06-05 06:58:33.707  1319  2130 I netstats_wifi_sample: [418174684,135139443,376567,249921,419363199,133823853,377851,241915,1780657109206]
06-05 06:58:33.803  1319  2070 I commit_sys_config_file: [settings-2-0,117]
06-05 06:58:35.040  7228 13282 I c2dm    : [-2,,1,1]
06-05 06:58:36.037  7228 13289 I gtalk_heartbeat_reset: [459352,173.194.45.188:5228]
06-05 06:58:36.042  7228 13289 I gtalk_connection: 0
06-05 06:58:39.266  1319  2070 I commit_sys_config_file: [settings-2-0,8]
06-05 06:59:08.385  7228 13289 I gtalk_conn_close: [1812,32]
06-05 06:59:22.217  7228 13282 I c2dm    : [-2,,1,1]
06-05 06:59:22.542  7228 13282 I gtalk_heartbeat_reset: [459592,172.253.139.188:5228]
06-05 06:59:22.548  7228 13282 I gtalk_connection: 0
06-05 07:00:00.024  1319  2072 I am_unfreeze: [5574,com.fitbit.FitbitMobile,3]
06-05 07:00:00.471  1319  2070 I commit_sys_config_file: [settings-2-0,89]
06-05 07:03:46.621  1319  2072 I am_unfreeze: [8388,io.homeassistant.companion.android,3]
06-05 07:03:46.690  1319  1986 I am_uid_idle: 10184
06-05 07:03:46.691  1319  1986 I am_uid_idle: 10104
06-05 07:03:46.767  1319  1319 I bt_acl_disconnect: 48426928
06-05 07:03:46.774  1319  1319 I bt_proxy_disconnect: 307861
06-05 07:03:46.835  1319  1319 I dvm_lock_sample: [system_server,0,main,60,go/retraceme e692cb518c4bef8aad1a205a9c960701d0ecc17ba319870202754d67697c4948,343,void com.android.server.alarm.AlarmManagerService.setImpl(int, long, long, long, android.app.PendingIntent, android.app.IAlarmListener, java.lang.String, int, android.os.WorkSource, android.app.AlarmManager$AlarmClockInfo, int, java.lang.String, android.os.Bundle, int),-,460,void com.android.server.alarm.AlarmManagerService.setImpl(int, long, long, long, android.app.PendingIntent, android.app.IAlarmListener, java.lang.String, int, android.os.WorkSource, android.app.AlarmManager$AlarmClockInfo, int, java.lang.String, android.os.Bundle, int),12]
06-05 07:03:46.879  1319  2130 I netstats_mobile_sample: [323622,205531,825,953,323058,203163,817,923,1780657422379]
06-05 07:03:46.881  1319  2130 I netstats_wifi_sample: [418174684,135139443,376567,249921,419363199,133823853,377851,241915,1780657422379]
06-05 07:03:47.213  7228 13282 I gtalk_conn_close: [1793,264]
06-05 07:03:53.427  1319  3583 I battery_level: [83,4212,284]
06-05 07:03:53.481  1319  1319 I dvm_lock_sample: [system_server,0,main,55,go/retraceme e692cb518c4bef8aad1a205a9c960701d0ecc17ba319870202754d67697c4948,49,void com.android.server.alarm.AlarmManagerService$DeliveryTracker.alarmComplete(android.os.IBinder),-,695,void com.android.server.alarm.AlarmManagerService$AlarmThread.run(),11]
06-05 07:03:53.555  1319  2119 I netstats_mobile_sample: [323622,205531,825,953,323058,203163,817,923,1780657429055]
06-05 07:03:53.574  1319  2119 I netstats_wifi_sample: [418174684,135139443,376567,249921,419363199,133823853,377851,241915,1780657429055]
06-05 07:03:53.777  1319  1997 I am_cpu  : [1,0,init,19355,10,20]
06-05 07:03:53.778  1319  1997 I am_cpu  : [16,0,rcu_preempt,19355,0,40]
06-05 07:03:53.779  1319  1997 I am_cpu  : [17,0,rcuog/0,19355,0,30]
06-05 07:03:53.779  1319  1997 I am_cpu  : [18,0,rcuop/0,19355,0,20]
06-05 07:03:53.779  1319  1997 I am_cpu  : [31,0,rcuop/1,19355,0,10]
06-05 07:03:53.779  1319  1997 I am_cpu  : [35,0,ksoftirqd/2,19355,0,10]
06-05 07:03:53.779  1319  1997 I am_cpu  : [38,0,rcuog/2,19355,0,30]
06-05 07:03:53.779  1319  1997 I am_cpu  : [39,0,rcuop/2,19355,0,20]
06-05 07:03:53.779  1319  1997 I am_cpu  : [46,0,rcuop/3,19354,0,10]
06-05 07:03:53.779  1319  1997 I am_cpu  : [52,0,kcompactd0,19354,0,100]
06-05 07:03:53.779  1319  1997 I am_cpu  : [62,0,kswapd0,19355,0,1540]
06-05 07:03:53.779  1319  1997 I am_cpu  : [92,0,glink-rpm_requests,19354,0,340]
06-05 07:03:53.780  1319  1997 I am_cpu  : [127,0,irq/102-4744000.sdhci,19358,0,20]
06-05 07:03:53.780  1319  1997 I am_cpu  : [216,0,ueventd,19358,10,10]
06-05 07:03:53.780  1319  1997 I am_cpu  : [328,1013,audioadsprpcd,19358,0,10]
06-05 07:03:53.780  1319  1997 I am_cpu  : [329,1036,logd,19358,190,610]
06-05 07:03:53.780  1319  1997 I am_cpu  : [330,1069,lmkd,19358,10,50]
06-05 07:03:53.780  1319  1997 I am_cpu  : [331,1000,servicemanager,19358,10,10]
06-05 07:03:53.780  1319  1997 I am_cpu  : [338,1000,qseecomd,19358,0,40]
06-05 07:03:53.780  1319  1997 I am_cpu  : [391,0,irq/125-4520300.qcom,bwmon-ddr,19358,0,190]
06-05 07:03:53.780  1319  1997 I am_cpu  : [413,0,autobahn_proxy,19358,0,110]
06-05 07:03:53.780  1319  1997 I am_cpu  : [414,0,autobahn_mac_initiator,19358,0,580]
06-05 07:03:53.780  1319  1997 I am_cpu  : [422,0,gbms_virt_stora,19358,0,20]
06-05 07:03:53.780  1319  1997 I am_cpu  : [425,1000,pixelstats-vend,19358,10,20]
06-05 07:03:53.780  1319  1997 I am_cpu  : [430,1000,android.system.,19358,90,2990]
06-05 07:03:53.780  1319  1997 I am_cpu  : [447,1027,android.hardwar,19359,0,10]
06-05 07:03:53.780  1319  1997 I am_cpu  : [456,1000,sscrpcd,19359,0,10]
06-05 07:03:53.780  1319  1997 I am_cpu  : [517,0,f2fs_ckpt-254:57,19360,0,20]
06-05 07:03:53.780  1319  1997 I am_cpu  : [520,0,f2fs_discard-254:57,98881,0,10]
06-05 07:03:53.780  1319  1997 I am_cpu  : [531,1000,surfaceflinger,19364,0,20]
06-05 07:03:53.780  1319  1997 I am_cpu  : [539,1000,binder:539_2,19364,10,10]
06-05 07:03:53.781  1319  1997 I am_cpu  : [707,1000,time_daemon,19364,0,20]
06-05 07:03:53.781  1319  1997 I am_cpu  : [708,1001,binder:708_2,19364,0,10]
06-05 07:03:53.781  1319  1997 I am_cpu  : [710,0,binder:710_2,19365,300,170]
06-05 07:03:53.781  1319  1997 I am_cpu  : [739,0,binder:739_3,19379,70,140]
06-05 07:03:53.781  1319  1997 I am_cpu  : [741,1066,binder:741_3,19378,150,120]
06-05 07:03:53.781  1319  1997 I am_cpu  : [889,1000,ssgtzd,19394,0,20]
06-05 07:03:53.781  1319  1997 I am_cpu  : [890,1000,diag-router,19395,10,40]
06-05 07:03:53.781  1319  1997 I am_cpu  : [892,1002,binder:892_2,19395,270,330]
06-05 07:03:53.781  1319  1997 I am_cpu  : [897,1080,android.hardwar,19396,10,10]
06-05 07:03:53.781  1319  1997 I am_cpu  : [908,1021,binder:908_2,19397,0,30]
06-05 07:03:53.781  1319  1997 I am_cpu  : [911,1000,android.hardwar,19398,10,30]
06-05 07:03:53.781  1319  1997 I am_cpu  : [913,1000,android.hardwar,19398,10,0]
06-05 07:03:53.781  1319  1997 I am_cpu  : [933,1001,vendor.google.r,19399,10,10]
06-05 07:03:53.781  1319  1997 I am_cpu  : [949,1000,binder:949_2,19399,30,80]
06-05 07:03:53.781  1319  1997 I am_cpu  : [1012,1072,binder:1012_2,19412,0,10]
06-05 07:03:53.781  1319  1997 I am_cpu  : [1035,0,modem_svc,19412,0,10]
06-05 07:03:53.781  1319  1997 I am_cpu  : [1038,9999,rmt_storage,98928,0,10]
06-05 07:03:53.781  1319  1997 I am_cpu  : [1039,2903,tftp_server,19412,0,10]
06-05 07:03:53.781  1319  1997 I am_cpu  : [1103,1000,subsystem_ramdu,19412,0,10]
06-05 07:03:53.782  1319  1997 I am_cpu  : [1199,9999,traced_probes,19412,0,10]
06-05 07:03:53.783  1319  1997 I am_cpu  : [1204,9999,traced,19412,0,20]
06-05 07:03:53.783  1319  1997 I am_cpu  : [1249,1067,binder:1249_2,19430,10,0]
06-05 07:03:53.783  1319  1997 I am_cpu  : [1281,0,sysproxyd,19440,0,30]
06-05 07:03:53.783  1319  1997 I am_cpu  : [1282,1010,wificond,19440,10,0]
06-05 07:03:53.783  1319  1997 I am_cpu  : [1286,1000,binder:1286_4,19443,0,30]
06-05 07:03:53.783  1319  1997 I am_cpu  : [1287,1001,binder:1287_2,19444,0,20]
06-05 07:03:53.783  1319  1997 I am_cpu  : [1292,1001,binder:1292_2,19453,10,180]
06-05 07:03:53.783  1319  1997 I am_cpu  : [1300,1001,port-bridge,19452,10,10]
06-05 07:03:53.783  1319  1997 I am_cpu  : [1310,1001,binder:1310_2,19452,10,30]
06-05 07:03:53.783  1319  1997 I am_cpu  : [1315,1000,adsprpcd,19453,0,10]
06-05 07:03:53.784  1319  1997 I am_cpu  : [1319,1000,system_server,19453,1940,1760]
06-05 07:03:53.784  1319  1997 I am_cpu  : [1338,1021,loc_launcher,98977,0,10]
06-05 07:03:53.784  1319  1997 I am_cpu  : [1368,1021,xtra-daemon,19462,0,20]
06-05 07:03:53.784  1319  1997 I am_cpu  : [1376,1080,chre,19463,60,70]
06-05 07:03:53.784  1319  1997 I am_cpu  : [1390,1001,main,19462,10,90]
06-05 07:03:53.784  1319  1997 I am_cpu  : [1564,1036,logcat,19463,190,130]
06-05 07:03:53.784  1319  1997 I am_cpu  : [1577,1000,hvdcp_opti,19463,10,40]
06-05 07:03:53.784  1319  1997 I am_cpu  : [1585,1000,android.hardwar,19482,0,30]
06-05 07:03:53.784  1319  1997 I am_cpu  : [1868,1000,android.hardwar,19484,30,110]
06-05 07:03:53.784  1319  1997 I am_cpu  : [1992,0,psimon,19485,0,10]
06-05 07:03:53.784  1319  1997 I am_cpu  : [2250,1000,e.wear.services,19484,180,70]
06-05 07:03:53.784  1319  1997 I am_cpu  : [2309,10124,e.watchface.rwf,19485,0,20]
06-05 07:03:53.784  1319  1997 I am_cpu  : [2339,1073,rkstack.process,19485,180,160]
06-05 07:03:53.784  1319  1997 I am_cpu  : [2355,1002,droid.bluetooth,19494,270,380]
06-05 07:03:53.784  1319  1997 I am_cpu  : [2375,10149,elsystemservice,19496,0,10]
06-05 07:03:53.784  1319  1997 I am_cpu  : [2398,2918,.cacertservice,19496,0,10]
06-05 07:03:53.784  1319  1997 I am_cpu  : [2421,10153,oid.grilservice,19498,0,10]
06-05 07:03:53.784  1319  1997 I am_cpu  : [2424,10148,.codeaurora.ims,19498,0,20]
06-05 07:03:53.784  1319  1997 I am_cpu  : [2436,10147,talkey.timesync,19498,0,10]
06-05 07:03:53.784  1319  1997 I am_cpu  : [2462,1068,com.android.se,19498,10,0]
06-05 07:03:53.784  1319  1997 I am_cpu  : [2508,1001,.dataservices,19498,0,10]
06-05 07:03:53.784  1319  1997 I am_cpu  : [2521,1027,gle.android.nfc,19501,10,10]
06-05 07:03:53.784  1319  1997 I am_cpu  : [2522,10098,qtidataservices,19501,10,40]
06-05 07:03:53.784  1319  1997 I am_cpu  : [2540,1001,m.android.phone,19502,2880,580]
06-05 07:03:53.784  1319  1997 I am_cpu  : [2810,0,msm_irqbalance,19502,0,20]
06-05 07:03:53.784  1319  1997 I am_cpu  : [2824,0,adsp_wdog,19503,0,10]
06-05 07:03:53.784  1319  1997 I am_cpu  : [2830,1000,droid.satellite,19502,10,10]
06-05 07:03:53.785  1319  1997 I am_cpu  : [2838,0,thermal-engine-,19519,50,180]
06-05 07:03:53.785  1319  1997 I am_cpu  : [2970,10116,roid.apps.scone,19519,40,50]
06-05 07:03:53.785  1319  1997 I am_cpu  : [3095,10056,.healthservices,19519,540,90]
06-05 07:03:53.785  1319  1997 I am_cpu  : [3239,10058,roid.euicc.wear,19519,0,20]
06-05 07:03:53.785  1319  1997 I am_cpu  : [3336,10164,rs.media.module,19520,0,40]
06-05 07:03:53.785  1319  1997 I am_cpu  : [3447,1000,RestartDetector,19520,0,20]
06-05 07:03:53.785  1319  1997 I am_cpu  : [3451,10159,oid.pixellogger,19520,0,10]
06-05 07:03:53.785  1319  1997 I am_cpu  : [3568,1041,audioserver,19520,0,20]
06-05 07:03:53.785  1319  1997 I am_cpu  : [3569,1041,binder:3569_2,19522,0,20]
06-05 07:03:53.785  1319  1997 I am_cpu  : [3580,1000,ttings.provider,19523,0,10]
06-05 07:03:53.785  1319  1997 I am_cpu  : [4272,10057,putmethod.latin,19522,10,60]
06-05 07:03:53.785  1319  1997 I am_cpu  : [4536,10155,arable.systemui,19522,20,40]
06-05 07:03:53.785  1319  1997 I am_cpu  : [4623,10064,id.wearable.app,19522,40,60]
06-05 07:03:53.785  1319  1997 I am_cpu  : [4661,10066,.wearable.sysui,19522,140,170]
06-05 07:03:53.785  1319  1997 I am_cpu  : [5245,10132,gle.android.gms,19523,20,60]
06-05 07:03:53.785  1319  1997 I am_cpu  : [5574,10107,it.FitbitMobile,19523,850,420]
06-05 07:03:53.785  1319  1997 I am_cpu  : [6471,10112,able.pixel.pdms,19523,0,10]
06-05 07:03:53.785  1319  1997 I am_cpu  : [7034,10133,com.qti.phone,19523,10,20]
06-05 07:03:53.785  1319  1997 I am_cpu  : [7086,10073,id.ext.services,19523,0,10]
06-05 07:03:53.785  1319  1997 I am_cpu  : [7191,10067,rable.assistant,19524,90,210]
06-05 07:03:53.785  1319  1997 I am_cpu  : [7228,10132,.gms.persistent,19524,1570,780]
06-05 07:03:53.785  1319  1997 I am_cpu  : [8169,0,kworker/u8:0-memlat_wq,19523,0,30]
06-05 07:03:53.786  1319  1997 I am_cpu  : [8186,0,kworker/2:0H,150032,0,10]
06-05 07:03:53.786  1319  1997 I am_cpu  : [8192,0,kworker/u8:1-memlat_wq,19523,0,40]
06-05 07:03:53.786  1319  1997 I am_cpu  : [8203,0,kworker/2:2H-kverityd,273792,0,20]
06-05 07:03:53.786  1319  1997 I am_cpu  : [8276,10104,id.apps.weather,19523,230,60]
06-05 07:03:53.786  1319  1997 I am_cpu  : [8327,0,kworker/2:4H-kverityd,273792,0,30]
06-05 07:03:53.786  1319  1997 I am_cpu  : [8388,10185,mpanion.android,19523,240,160]
06-05 07:03:53.786  1319  1997 I am_cpu  : [8534,0,kworker/u8:2-memlat_wq,19524,0,90]
06-05 07:03:53.786  1319  1997 I am_cpu  : [8943,0,kworker/u8:3-events_unbound,19524,0,50]
06-05 07:03:53.786  1319  1997 I am_cpu  : [8944,0,kworker/u8:4-events_unbound,19524,0,70]
06-05 07:03:53.786  1319  1997 I am_cpu  : [8946,0,kworker/u8:6-events_unbound,19524,0,110]
06-05 07:03:53.787  1319  1997 I am_cpu  : [8947,0,kworker/u8:7-events_unbound,19524,0,90]
06-05 07:03:53.787  1319  1997 I am_cpu  : [8949,0,kworker/u8:9-events_unbound,19524,0,90]
06-05 07:03:53.787  1319  1997 I am_cpu  : [8950,0,kworker/u8:10-events_unbound,19524,0,50]
06-05 07:03:53.787  1319  1997 I am_cpu  : [8951,0,kworker/u8:11-events_unbound,19524,0,30]
06-05 07:03:53.787  1319  1997 I am_cpu  : [8952,0,kworker/u8:12-events_unbound,19558,0,40]
06-05 07:03:53.787  1319  1997 I am_cpu  : [8953,0,kworker/u8:13-events_unbound,19558,0,60]
06-05 07:03:53.787  1319  1997 I am_cpu  : [8954,0,kworker/u8:14-events_unbound,19558,0,50]
06-05 07:03:53.787  1319  1997 I am_cpu  : [8955,0,kworker/u8:15-events_unbound,19558,0,50]
06-05 07:03:53.787  1319  1997 I am_cpu  : [8956,0,kworker/u8:16-events_unbound,19558,0,60]
06-05 07:03:53.787  1319  1997 I am_cpu  : [8957,0,kworker/u8:17-events_unbound,19557,0,50]
06-05 07:03:53.787  1319  1997 I am_cpu  : [8959,0,kworker/u8:19-events_unbound,19557,0,50]
06-05 07:03:53.787  1319  1997 I am_cpu  : [8960,0,kworker/u8:20-events_unbound,19566,0,50]
06-05 07:03:53.787  1319  1997 I am_cpu  : [8965,0,iptables-restor,19567,0,20]
06-05 07:03:53.787  1319  1997 I am_cpu  : [8967,0,ip6tables-resto,19568,10,10]
06-05 07:03:53.787  1319  1997 I am_cpu  : [8990,0,kworker/u8:24-events_unbound,19568,0,100]
06-05 07:03:53.787  1319  1997 I am_cpu  : [9710,10152,ectivitymonitor,19568,0,10]
06-05 07:03:53.787  1319  1997 I am_cpu  : [9742,0,kworker/1:15H-kverityd,19568,0,20]
06-05 07:03:53.787  1319  1997 I am_cpu  : [10786,0,kworker/2:1,19568,0,60]
06-05 07:03:53.787  1319  1997 I am_cpu  : [11115,0,kworker/0:10H-kverityd,19568,0,20]
06-05 07:03:53.787  1319  1997 I am_cpu  : [11262,0,binder:11262_2,19569,20,140]
06-05 07:03:53.787  1319  1997 I am_cpu  : [11627,10062,.media.sessions,19569,0,40]
06-05 07:03:53.787  1319  1997 I am_cpu  : [11972,0,kworker/u8:22-events_unbound,19569,0,60]
06-05 07:03:53.787  1319  1997 I am_cpu  : [12157,0,kworker/2:3H-kverityd,19569,0,60]
06-05 07:03:53.788  1319  1997 I am_cpu  : [12275,0,kworker/3:0-pm,19569,0,50]
06-05 07:03:53.788  1319  1997 I am_cpu  : [12324,0,kworker/1:2-pm,19569,0,40]
06-05 07:03:53.788  1319  1997 I am_cpu  : [12491,10052,.apps.safetyhub,99077,790,280]
06-05 07:03:53.788  1319  1997 I am_cpu  : [12841,0,kworker/0:2-events,19571,0,40]
06-05 07:03:53.788  1319  1997 I am_cpu  : [13177,0,kworker/u8:8-events_unbound,19607,0,80]
06-05 07:03:53.788  1319  1997 I am_cpu  : [13343,0,kworker/2:6H-kverityd,0,0,0]
06-05 07:03:53.788  1319  1997 I am_cpu  : [16772,10050,gle.android.tts,19621,0,40]
06-05 07:03:53.788  1319  1997 I am_cpu  : [17353,0,kworker/u8:23-events_unbound,19621,0,40]
06-05 07:03:53.788  1319  1997 I am_cpu  : [22608,0,kworker/u8:21-events_unbound,19621,0,70]
06-05 07:03:53.788  1319  1997 I am_cpu  : [31232,2000,diag_mdlog,19621,20,10]
06-05 07:03:53.788  1319  1997 I am_cpu  : [32266,0,kworker/3:9H-kverityd,19621,0,20]
06-05 07:03:53.804  1319  2070 I commit_sys_config_file: [settings-0-0,33]
06-05 07:04:04.789  1319  2072 I am_freeze: [5574,com.fitbit.FitbitMobile]
06-05 07:04:05.167  1319  2072 I am_compact: [5574,com.fitbit.FitbitMobile,ANON,115060,77592,37152,47724,-39808,-13440,-26368,26496,375,FULL,53842844,900,16,302776,-5644]
06-05 07:05:31.251  1319  2072 I am_unfreeze: [5574,com.fitbit.FitbitMobile,6]
06-05 07:05:31.277  1319  2201 I cell_radio_power_change_event: [1,ON_PROXY_DISCONNECTED:PROXY_CONNECTED_UPDATE,1780657531276]
06-05 07:05:31.552  2540  2540 I gsm_service_state_change: [3,3,1,1]
06-05 07:05:31.613  4661 11666 I service_manager_stats: [200,103,53881770]
06-05 07:05:31.717  1319  1986 I am_uid_running: 10182
06-05 07:05:31.772  1319  1987 I am_proc_start: [0,13387,10182,com.google.android.cellbroadcastreceiver,broadcast,{com.google.android.cellbroadcastreceiver/com.android.cellbroadcastreceiver.CellBroadcastReceiver}]
06-05 07:05:32.026  1319  2959 I am_proc_bound: [0,13387,com.google.android.cellbroadcastreceiver]
06-05 07:05:32.121  2540  2540 I gsm_service_state_change: [1,1,1,1]
06-05 07:05:32.923  1319  1319 I mobile_signal_event: [2,83,513674794]
06-05 07:05:33.112  2540  2540 I gsm_service_state_change: [1,1,0,1]
06-05 07:05:33.112  2540  2540 I gsm_rat_switched_new: [10935554,0,14]
06-05 07:05:33.271  1319  3583 I dvm_lock_sample: [system_server,1,binder:1319_18,6,TelecomServiceImpl.java,1353,boolean com.android.server.telecom.TelecomServiceImpl$1.isInCall(java.lang.String, java.lang.String),-,692,android.telecom.PhoneAccount com.android.server.telecom.TelecomServiceImpl$1.getPhoneAccount(android.telecom.PhoneAccountHandle, java.lang.String),1]
06-05 07:05:33.794  2540  2540 I gsm_service_state_change: [0,1,0,0]
06-05 07:05:34.173  1319  2130 I netstats_mobile_sample: [323622,205531,825,953,323058,203163,817,923,1780657529674]
06-05 07:05:34.176  1319  2130 I netstats_wifi_sample: [418174684,135139443,376567,249921,419363199,133823853,377851,241915,1780657529674]
06-05 07:05:34.684  1319  2130 I netstats_mobile_sample: [323622,205531,825,953,323058,203163,817,923,1780657530184]
06-05 07:05:34.685  1319  2130 I netstats_wifi_sample: [418174684,135139443,376567,249921,419363199,133823853,377851,241915,1780657530184]
06-05 07:05:34.740  1319  2130 I netstats_mobile_sample: [323698,205930,826,958,323058,203410,817,926,1780657530241]
06-05 07:05:34.742  1319  2130 I netstats_wifi_sample: [418174684,135139443,376567,249921,419363199,133823853,377851,241915,1780657530241]
06-05 07:05:34.944  1319  2119 I netstats_mobile_sample: [324260,206105,829,960,323696,203661,821,929,1780657530444]
06-05 07:05:34.946  1319  2119 I netstats_wifi_sample: [418174684,135139443,376567,249921,419363199,133823853,377851,241915,1780657530444]
06-05 07:05:34.969  1319  2119 I netstats_mobile_sample: [324260,206185,829,961,323696,203661,821,929,1780657530469]
06-05 07:05:34.970  1319  2119 I netstats_wifi_sample: [418174684,135139443,376567,249921,419363199,133823853,377851,241915,1780657530469]
06-05 07:05:35.116  1319  2198 I dvm_lock_sample: [system_server,0,PhotonicModulator,2060,go/retraceme 89603491740b48bbc0e4e3d83afb599b536dc4311d9567e5069d9647d9214d1d,3,void com.android.clockwork.displayoffload.DisplayControlManager.updateOffloadState(int),-,85,void com.android.clockwork.displayoffload.DisplayControlManager.updateOffloadStateLocked(int),100]
06-05 07:05:35.118  1319  3582 I dvm_lock_sample: [system_server,0,binder:1319_17,1567,go/retraceme 89603491740b48bbc0e4e3d83afb599b536dc4311d9567e5069d9647d9214d1d,31,void com.android.clockwork.displayoffload.DisplayOffloadService$BinderService.beginResource(int, boolean),-,85,void com.android.clockwork.displayoffload.DisplayControlManager.updateOffloadStateLocked(int),100]
06-05 07:05:35.250  1319  2130 I netstats_mobile_sample: [329754,208361,845,980,329190,205693,837,946,1780657530749]
06-05 07:05:35.255  1319  2130 I netstats_wifi_sample: [418174684,135139443,376567,249921,419363199,133823853,377851,241915,1780657530749]
06-05 07:05:35.557  1319  2130 I netstats_mobile_sample: [331510,210139,856,992,330419,207203,843,955,1780657531057]
06-05 07:05:35.558  1319  2130 I netstats_wifi_sample: [418174684,135139443,376567,249921,419363199,133823853,377851,241915,1780657531057]
06-05 07:05:35.622  7228 12022 I c2dm    : [-2,,1,1]
06-05 07:05:35.755  7228 12022 I gtalk_heartbeat_reset: [1750,[2607:f8b0:4004:c1f::bc]:5228]
06-05 07:05:35.757  7228 12022 I gtalk_connection: 0
06-05 07:05:35.894  1319  1446 I dvm_lock_sample: [system_server,1,binder:1319_2,287,go/retraceme e692cb518c4bef8aad1a205a9c960701d0ecc17ba319870202754d67697c4948,19,void com.android.server.net.NetworkManagementService.setUidCleartextNetworkPolicy(int, int),-,36,void com.android.server.net.NetworkManagementService.removeInterfaceQuota(java.lang.String),57]
06-05 07:05:35.898  1319  2130 I netstats_mobile_sample: [332527,211060,861,999,331843,208332,851,964,1780657531398]
06-05 07:05:35.899  1319  2130 I netstats_wifi_sample: [418174684,135139443,376567,249921,419363199,133823853,377851,241915,1780657531398]
06-05 07:05:36.466  1319  2072 I am_freeze: [5574,com.fitbit.FitbitMobile]
06-05 07:05:36.472  1319  2072 I am_unfreeze: [5574,com.fitbit.FitbitMobile,18]
06-05 07:05:37.208  1319  1985 I commit_sys_config_file: [display-state,18]
06-05 07:05:37.288  1319  2013 I dvm_lock_sample: [system_server,0,DisplayOffloadBgThread,74,go/retraceme 89603491740b48bbc0e4e3d83afb599b536dc4311d9567e5069d9647d9214d1d,16,void com.android.clockwork.displayoffload.DisplayOffloadService$6.onDisplayChanged(int),-,7,void com.android.clockwork.displayoffload.DisplayControlManager.updateOffloadState(int),14]
06-05 07:05:38.179  1319  2072 I am_freeze: [5574,com.fitbit.FitbitMobile]
06-05 07:05:38.921  1319  2072 I am_freeze: [13387,com.google.android.cellbroadcastreceiver]
06-05 07:05:39.140  1319  2072 I am_compact: [13387,com.google.android.cellbroadcastreceiver,ANON,77600,59392,17440,29492,-9472,-3584,-5888,5760,218,SOME,0,905,19,302196,-420]
06-05 07:05:40.714  1319  2072 I am_freeze: [8276,com.google.android.apps.weather]
06-05 07:05:40.787  1319  2072 I am_compact: [8276,com.google.android.apps.weather,ANON,72952,57212,15356,44816,-5632,-896,-4736,4736,71,FULL,53625065,900,15,302616,-1644]
06-05 07:05:41.288  1319  2072 I am_freeze: [8388,io.homeassistant.companion.android]
06-05 07:05:41.299  1319  2072 I am_freeze: [5245,com.google.android.gms]
06-05 07:05:41.414  1319  2072 I am_compact: [8388,io.homeassistant.companion.android,ANON,62488,44432,17928,42628,-8064,-128,-7936,7936,113,FULL,53821472,905,19,304260,-3720]
06-05 07:06:00.743  1319  2070 I commit_sys_config_file: [settings-1-0,12]
06-05 07:06:02.053  1319  2070 I commit_sys_config_file: [settings-1-0,7]
06-05 07:06:02.727  1319  1985 I commit_sys_config_file: [display-state,18]
06-05 07:06:02.979  1319  2010 I dvm_lock_sample: [system_server,1,PowerManagerService,9,go/retraceme e692cb518c4bef8aad1a205a9c960701d0ecc17ba319870202754d67697c4948,5,void com.android.server.power.PowerManagerService.-$$Nest$mhandleSandman(com.android.server.power.PowerManagerService, int),-,266,void com.android.server.power.PowerManagerService.-$$Nest$macquireWakeLockInternal(com.android.server.power.PowerManagerService, android.os.IBinder, int, int, java.lang.String, java.lang.String, android.os.WorkSource, java.lang.String, int, int, android.os.IWakeLockCallback),1]
06-05 07:06:05.270  1319  1985 I commit_sys_config_file: [display-state,26]
06-05 07:06:26.660  1319  2072 I am_unfreeze: [5245,com.google.android.gms,10]
06-05 07:06:26.683  1319  2072 I am_unfreeze: [8388,io.homeassistant.companion.android,3]
06-05 07:06:26.866  1319  1319 I dvm_lock_sample: [system_server,1,main,102,go/retraceme e692cb518c4bef8aad1a205a9c960701d0ecc17ba319870202754d67697c4948,306,void com.android.server.job.controllers.DeviceIdleJobsController$1.onReceive(android.content.Context, android.content.Intent),-,13,boolean com.android.server.job.controllers.QuotaController$Timer.isActive(),20]
06-05 07:06:28.790  1319  2070 I commit_sys_config_file: [settings-2-0,7]
06-05 07:06:29.978  1319  1986 I am_wtf  : [0,1319,system_server,-1,Binder,Outgoing transactions from this process must be FLAG_ONEWAY]
06-05 07:06:29.979  1319  1986 I am_wtf  : [0,1319,system_server,-1,Binder,Outgoing transactions from this process must be FLAG_ONEWAY]
06-05 07:06:32.331  1319  1319 I wifi_session: [0,479494]
06-05 07:06:32.376  1319  2130 I netstats_mobile_sample: [333175,212500,868,1018,332491,209772,858,983,1780657587877]
06-05 07:06:32.378  1319  2130 I netstats_wifi_sample: [418174684,135139443,376567,249921,419363199,133823853,377851,241915,1780657587877]
06-05 07:06:33.723  1319  2130 I netstats_mobile_sample: [333175,212500,868,1018,332491,209772,858,983,1780657589224]
06-05 07:06:33.725  1319  2130 I netstats_wifi_sample: [418174684,135139443,376567,249921,419363199,133823853,377851,241915,1780657589224]
06-05 07:06:34.463  7228 13497 I gtalk_conn_close: [27,58]
06-05 07:06:34.471  7228 13497 I c2dm    : [-2,,1,1]
06-05 07:06:34.679  7228 13484 I gtalk_heartbeat_reset: [459352,142.251.111.188:5228]
06-05 07:06:34.680  7228 13484 I gtalk_connection: 0
06-05 07:06:37.134  1319  2072 I am_unfreeze: [5574,com.fitbit.FitbitMobile,6]
06-05 07:06:37.918  1319  1986 I am_uid_idle: 10182
06-05 07:06:37.918  1319  1986 I am_uid_idle: 10107
06-05 07:06:39.061  1319  1997 I am_cpu  : [1,0,init,60462,40,110]
06-05 07:06:39.062  1319  1997 I am_cpu  : [16,0,rcu_preempt,60462,0,80]
06-05 07:06:39.062  1319  1997 I am_cpu  : [17,0,rcuog/0,60462,0,60]
06-05 07:06:39.062  1319  1997 I am_cpu  : [18,0,rcuop/0,60462,0,90]
06-05 07:06:39.062  1319  1997 I am_cpu  : [20,0,rcu_exp_gp_kthread_worker,79817,0,20]
06-05 07:06:39.062  1319  1997 I am_cpu  : [31,0,rcuop/1,60462,0,50]
06-05 07:06:39.062  1319  1997 I am_cpu  : [35,0,ksoftirqd/2,60462,0,10]
06-05 07:06:39.062  1319  1997 I am_cpu  : [38,0,rcuog/2,60462,0,50]
06-05 07:06:39.062  1319  1997 I am_cpu  : [39,0,rcuop/2,60462,0,60]
06-05 07:06:39.062  1319  1997 I am_cpu  : [43,0,ksoftirqd/3,79817,0,40]
06-05 07:06:39.062  1319  1997 I am_cpu  : [46,0,rcuop/3,60463,0,60]
06-05 07:06:39.062  1319  1997 I am_cpu  : [62,0,kswapd0,60462,0,2970]
06-05 07:06:39.062  1319  1997 I am_cpu  : [92,0,glink-rpm_requests,60463,0,760]
06-05 07:06:39.062  1319  1997 I am_cpu  : [127,0,irq/102-4744000.sdhci,60459,0,20]
06-05 07:06:39.062  1319  1997 I am_cpu  : [128,0,kgsl-events,79817,0,10]
06-05 07:06:39.062  1319  1997 I am_cpu  : [137,0,kgsl_dispatcher,79816,0,20]
06-05 07:06:39.062  1319  1997 I am_cpu  : [138,0,crtc_commit:87,79816,0,50]
06-05 07:06:39.062  1319  1997 I am_cpu  : [139,0,crtc_event:87,79816,0,30]
06-05 07:06:39.062  1319  1997 I am_cpu  : [146,0,qseecom-unload-ta,79817,0,10]
06-05 07:06:39.062  1319  1997 I am_cpu  : [215,0,init,79816,0,10]
06-05 07:06:39.062  1319  1997 I am_cpu  : [216,0,ueventd,60459,50,30]
06-05 07:06:39.062  1319  1997 I am_cpu  : [318,0,jbd2/mmcblk0p16-8,159334,0,10]
06-05 07:06:39.062  1319  1997 I am_cpu  : [328,1013,audioadsprpcd,60459,0,30]
06-05 07:06:39.062  1319  1997 I am_cpu  : [329,1036,logd,60459,430,1230]
06-05 07:06:39.062  1319  1997 I am_cpu  : [330,1069,lmkd,60459,10,50]
06-05 07:06:39.062  1319  1997 I am_cpu  : [331,1000,servicemanager,60458,80,30]
06-05 07:06:39.062  1319  1997 I am_cpu  : [332,1000,vndservicemanag,79816,10,10]
06-05 07:06:39.062  1319  1997 I am_cpu  : [338,1000,qseecomd,60459,0,60]
06-05 07:06:39.062  1319  1997 I am_cpu  : [355,0,binder:355_2,79817,0,10]
06-05 07:06:39.062  1319  1997 I am_cpu  : [391,0,irq/125-4520300.qcom,bwmon-ddr,60459,0,390]
06-05 07:06:39.062  1319  1997 I am_cpu  : [413,0,autobahn_proxy,60459,0,880]
06-05 07:06:39.062  1319  1997 I am_cpu  : [414,0,autobahn_mac_initiator,60459,0,3080]
06-05 07:06:39.062  1319  1997 I am_cpu  : [422,0,gbms_virt_stora,60459,10,10]
06-05 07:06:39.062  1319  1997 I am_cpu  : [425,1000,pixelstats-vend,60459,20,20]
06-05 07:06:39.063  1319  1997 I am_cpu  : [426,0,wdcd,79817,10,20]
06-05 07:06:39.063  1319  1997 I am_cpu  : [430,1000,android.system.,60458,280,5220]
06-05 07:06:39.063  1319  1997 I am_cpu  : [447,1027,android.hardwar,60458,0,10]
06-05 07:06:39.063  1319  1997 I am_cpu  : [454,1000,binder:454_2,79816,0,10]
06-05 07:06:39.063  1319  1997 I am_cpu  : [456,1000,sscrpcd,60457,0,20]
06-05 07:06:39.063  1319  1997 I am_cpu  : [517,0,f2fs_ckpt-254:57,60457,0,30]
06-05 07:06:39.063  1319  1997 I am_cpu  : [526,0,android.hardwar,79817,20,20]
06-05 07:06:39.063  1319  1997 I am_cpu  : [531,1000,surfaceflinger,60452,250,240]
06-05 07:06:39.063  1319  1997 I am_cpu  : [539,1000,binder:539_2,60452,50,120]
06-05 07:06:39.063  1319  1997 I am_cpu  : [548,0,qrtr_ns,547516,0,40]
06-05 07:06:39.063  1319  1997 I am_cpu  : [556,1058,tombstoned,79816,0,10]
06-05 07:06:39.063  1319  1997 I am_cpu  : [707,1000,time_daemon,60452,0,50]
06-05 07:06:39.063  1319  1997 I am_cpu  : [708,1001,binder:708_2,60452,10,50]
06-05 07:06:39.063  1319  1997 I am_cpu  : [710,0,binder:710_2,60451,260,230]
06-05 07:06:39.063  1319  1997 I am_cpu  : [739,0,binder:739_3,60438,110,340]
06-05 07:06:39.063  1319  1997 I am_cpu  : [741,1066,binder:741_3,60438,250,220]
06-05 07:06:39.063  1319  1997 I am_cpu  : [742,0,main,79816,0,20]
06-05 07:06:39.063  1319  1997 I am_cpu  : [876,0,dhd_watchdog_thread,395618,0,10]
06-05 07:06:39.063  1319  1997 I am_cpu  : [877,0,dhd_dpc,395618,0,40]
06-05 07:06:39.063  1319  1997 I am_cpu  : [889,1000,ssgtzd,60422,0,40]
06-05 07:06:39.063  1319  1997 I am_cpu  : [890,1000,diag-router,60421,540,1510]
06-05 07:06:39.063  1319  1997 I am_cpu  : [892,1002,binder:892_2,60421,300,210]
06-05 07:06:39.063  1319  1997 I am_cpu  : [897,1080,android.hardwar,60421,0,40]
06-05 07:06:39.063  1319  1997 I am_cpu  : [908,1021,binder:908_2,60419,20,110]
06-05 07:06:39.063  1319  1997 I am_cpu  : [909,1000,android.hardwar,79816,20,40]
06-05 07:06:39.063  1319  1997 I am_cpu  : [911,1000,android.hardwar,60418,10,90]
06-05 07:06:39.063  1319  1997 I am_cpu  : [912,1000,android.hardwar,79816,10,10]
06-05 07:06:39.063  1319  1997 I am_cpu  : [913,1000,android.hardwar,60418,0,20]
06-05 07:06:39.063  1319  1997 I am_cpu  : [933,1001,vendor.google.r,60417,0,40]
06-05 07:06:39.063  1319  1997 I am_cpu  : [937,1000,binder:937_2,79816,0,10]
06-05 07:06:39.063  1319  1997 I am_cpu  : [949,1000,binder:949_2,60417,30,70]
06-05 07:06:39.063  1319  1997 I am_cpu  : [979,1000,pd-mapper,79816,0,10]
06-05 07:06:39.063  1319  1997 I am_cpu  : [986,1000,pm-service,79816,0,10]
06-05 07:06:39.063  1319  1997 I am_cpu  : [1035,0,modem_svc,60404,0,10]
06-05 07:06:39.063  1319  1997 I am_cpu  : [1038,9999,rmt_storage,60404,0,40]
06-05 07:06:39.063  1319  1997 I am_cpu  : [1039,2903,tftp_server,60404,0,20]
06-05 07:06:39.063  1319  1997 I am_cpu  : [1103,1000,subsystem_ramdu,60403,0,10]
06-05 07:06:39.063  1319  1997 I am_cpu  : [1199,9999,traced_probes,60404,0,10]
06-05 07:06:39.063  1319  1997 I am_cpu  : [1204,9999,traced,60404,0,20]
06-05 07:06:39.064  1319  1997 I am_cpu  : [1241,0,qcom-system-dae,79816,0,10]
06-05 07:06:39.064  1319  1997 I am_cpu  : [1281,0,sysproxyd,60376,0,30]
06-05 07:06:39.064  1319  1997 I am_cpu  : [1282,1010,wificond,60375,230,120]
06-05 07:06:39.064  1319  1997 I am_cpu  : [1286,1000,binder:1286_4,60373,0,90]
06-05 07:06:39.064  1319  1997 I am_cpu  : [1287,1001,binder:1287_2,60372,20,90]
06-05 07:06:39.064  1319  1997 I am_cpu  : [1290,1001,ipacm-diag,79816,0,20]
06-05 07:06:39.064  1319  1997 I am_cpu  : [1292,1001,binder:1292_2,60363,50,570]
06-05 07:06:39.064  1319  1997 I am_cpu  : [1300,1001,port-bridge,60363,0,20]
06-05 07:06:39.064  1319  1997 I am_cpu  : [1310,1001,binder:1310_2,60363,40,60]
06-05 07:06:39.064  1319  1997 I am_cpu  : [1315,1000,adsprpcd,60363,0,30]
06-05 07:06:39.064  1319  1997 I am_cpu  : [1319,1000,system_server,60363,4190,3920]
06-05 07:06:39.064  1319  1997 I am_cpu  : [1338,1021,loc_launcher,60355,0,10]
06-05 07:06:39.064  1319  1997 I am_cpu  : [1368,1021,xtra-daemon,60354,0,30]
06-05 07:06:39.064  1319  1997 I am_cpu  : [1376,1080,chre,60354,30,90]
06-05 07:06:39.064  1319  1997 I am_cpu  : [1390,1001,main,60354,590,690]
06-05 07:06:39.064  1319  1997 I am_cpu  : [1410,1000,binder:1410_2,79816,270,710]
06-05 07:06:39.064  1319  1997 I am_cpu  : [1413,0,qrtr_rx,3639210,0,10]
06-05 07:06:39.064  1319  1997 I am_cpu  : [1414,0,glink-IPCRTR,159333,0,280]
06-05 07:06:39.064  1319  1997 I am_cpu  : [1564,1036,logcat,60354,320,330]
06-05 07:06:39.064  1319  1997 I am_cpu  : [1577,1000,hvdcp_opti,60354,0,40]
06-05 07:06:39.064  1319  1997 I am_cpu  : [1585,1000,android.hardwar,60334,0,10]
06-05 07:06:39.064  1319  1997 I am_cpu  : [1868,1000,android.hardwar,60332,70,130]
06-05 07:06:39.064  1319  1997 I am_cpu  : [1992,0,psimon,60332,0,30]
06-05 07:06:39.064  1319  1997 I am_cpu  : [2215,1010,binder:2215_2,79817,30,50]
06-05 07:06:39.064  1319  1997 I am_cpu  : [2250,1000,e.wear.services,60332,210,130]
06-05 07:06:39.064  1319  1997 I am_cpu  : [2309,10124,e.watchface.rwf,60332,930,360]
06-05 07:06:39.064  1319  1997 I am_cpu  : [2339,1073,rkstack.process,60332,300,260]
06-05 07:06:39.064  1319  1997 I am_cpu  : [2355,1002,droid.bluetooth,60322,350,470]
06-05 07:06:39.064  1319  1997 I am_cpu  : [2375,10149,elsystemservice,60320,0,10]
06-05 07:06:39.064  1319  1997 I am_cpu  : [2398,2918,.cacertservice,60321,0,30]
06-05 07:06:39.064  1319  1997 I am_cpu  : [2421,10153,oid.grilservice,60319,10,30]
06-05 07:06:39.064  1319  1997 I am_cpu  : [2424,10148,.codeaurora.ims,60319,130,90]
06-05 07:06:39.064  1319  1997 I am_cpu  : [2436,10147,talkey.timesync,60318,0,10]
06-05 07:06:39.064  1319  1997 I am_cpu  : [2462,1068,com.android.se,60318,0,20]
06-05 07:06:39.064  1319  1997 I am_cpu  : [2508,1001,.dataservices,60319,10,30]
06-05 07:06:39.064  1319  1997 I am_cpu  : [2521,1027,gle.android.nfc,60316,10,20]
06-05 07:06:39.064  1319  1997 I am_cpu  : [2522,10098,qtidataservices,60315,80,170]
06-05 07:06:39.065  1319  1997 I am_cpu  : [2540,1001,m.android.phone,60314,2570,1050]
06-05 07:06:39.065  1319  1997 I am_cpu  : [2810,0,msm_irqbalance,60315,20,50]
06-05 07:06:39.065  1319  1997 I am_cpu  : [2824,0,adsp_wdog,60314,0,20]
06-05 07:06:39.065  1319  1997 I am_cpu  : [2830,1000,droid.satellite,60314,10,20]
06-05 07:06:39.066  1319  1997 I am_cpu  : [2838,0,thermal-engine-,60297,70,320]
06-05 07:06:39.066  1319  1997 I am_cpu  : [2970,10116,roid.apps.scone,60297,300,230]
06-05 07:06:39.066  1319  1997 I am_cpu  : [3095,10056,.healthservices,60298,340,130]
06-05 07:06:39.066  1319  1997 I am_cpu  : [3239,10058,roid.euicc.wear,60298,20,20]
06-05 07:06:39.066  1319  1997 I am_cpu  : [3336,10164,rs.media.module,60297,20,50]
06-05 07:06:39.066  1319  1997 I am_cpu  : [3410,10151,s.zprovidertest,79817,0,20]
06-05 07:06:39.066  1319  1997 I am_cpu  : [3447,1000,RestartDetector,60296,20,10]
06-05 07:06:39.066  1319  1997 I am_cpu  : [3451,10159,oid.pixellogger,60296,10,10]
06-05 07:06:39.066  1319  1997 I am_cpu  : [3568,1041,audioserver,60297,20,20]
06-05 07:06:39.066  1319  1997 I am_cpu  : [3569,1041,binder:3569_2,60295,0,50]
06-05 07:06:39.067  1319  1997 I am_cpu  : [3580,1000,ttings.provider,60294,10,20]
06-05 07:06:39.067  1319  1997 I am_cpu  : [3867,0,kworker/u9:2-ipa_power_mgmt,79816,0,20]
06-05 07:06:39.067  1319  1997 I am_cpu  : [4272,10057,putmethod.latin,60294,90,150]
06-05 07:06:39.067  1319  1997 I am_cpu  : [4536,10155,arable.systemui,60294,40,100]
06-05 07:06:39.067  1319  1997 I am_cpu  : [4623,10064,id.wearable.app,60294,40,90]
06-05 07:06:39.067  1319  1997 I am_cpu  : [4661,10066,.wearable.sysui,60295,440,320]
06-05 07:06:39.067  1319  1997 I am_cpu  : [5245,10132,gle.android.gms,60294,30,70]
06-05 07:06:39.067  1319  1997 I am_cpu  : [5574,10107,it.FitbitMobile,60294,310,460]
06-05 07:06:39.067  1319  1997 I am_cpu  : [6471,10112,able.pixel.pdms,60294,20,30]
06-05 07:06:39.067  1319  1997 I am_cpu  : [7034,10133,com.qti.phone,60293,40,100]
06-05 07:06:39.067  1319  1997 I am_cpu  : [7086,10073,id.ext.services,60294,0,20]
06-05 07:06:39.067  1319  1997 I am_cpu  : [7191,10067,rable.assistant,60293,80,240]
06-05 07:06:39.067  1319  1997 I am_cpu  : [7228,10132,.gms.persistent,60293,1110,1040]
06-05 07:06:39.067  1319  1997 I am_cpu  : [8169,0,kworker/u8:0-memlat_wq,60293,0,60]
06-05 07:06:39.068  1319  1997 I am_cpu  : [8192,0,kworker/u8:1-memlat_wq,60293,0,170]
06-05 07:06:39.068  1319  1997 I am_cpu  : [8203,0,kworker/2:2H-kverityd,60293,0,10]
06-05 07:06:39.068  1319  1997 I am_cpu  : [8276,10104,id.apps.weather,60293,30,100]
06-05 07:06:39.068  1319  1997 I am_cpu  : [8388,10185,mpanion.android,60293,200,220]
06-05 07:06:39.068  1319  1997 I am_cpu  : [8534,0,kworker/u8:2-memlat_wq,60293,0,60]
06-05 07:06:39.068  1319  1997 I am_cpu  : [8774,0,kworker/3:1H-kverityd,79816,0,20]
06-05 07:06:39.068  1319  1997 I am_cpu  : [8838,0,kworker/3:6H-kblockd,79816,0,100]
06-05 07:06:39.068  1319  1997 I am_cpu  : [8943,0,kworker/u8:3-events_unbound,60292,0,160]
06-05 07:06:39.068  1319  1997 I am_cpu  : [8944,0,kworker/u8:4-events_unbound,60292,0,100]
06-05 07:06:39.068  1319  1997 I am_cpu  : [8946,0,kworker/u8:6-events_unbound,60293,0,130]
06-05 07:06:39.068  1319  1997 I am_cpu  : [8947,0,kworker/u8:7-events_unbound,60293,0,170]
06-05 07:06:39.068  1319  1997 I am_cpu  : [8949,0,kworker/u8:9-events_unbound,60293,0,310]
06-05 07:06:39.068  1319  1997 I am_cpu  : [8950,0,kworker/u8:10-events_unbound,60293,0,180]
06-05 07:06:39.068  1319  1997 I am_cpu  : [8951,0,kworker/u8:11-events_unbound,60293,0,100]
06-05 07:06:39.069  1319  1997 I am_cpu  : [8952,0,kworker/u8:12-events_unbound,60259,0,140]
06-05 07:06:39.069  1319  1997 I am_cpu  : [8953,0,kworker/u8:13-events_unbound,60259,0,80]
06-05 07:06:39.069  1319  1997 I am_cpu  : [8954,0,kworker/u8:14-events_unbound,60259,0,100]
06-05 07:06:39.069  1319  1997 I am_cpu  : [8955,0,kworker/u8:15-events_unbound,60259,0,250]
06-05 07:06:39.069  1319  1997 I am_cpu  : [8956,0,kworker/u8:16-events_unbound,60259,0,180]
06-05 07:06:39.069  1319  1997 I am_cpu  : [8957,0,kworker/u8:17-events_unbound,60259,0,80]
06-05 07:06:39.069  1319  1997 I am_cpu  : [8959,0,kworker/u8:19-events_unbound,60259,0,60]
06-05 07:06:39.069  1319  1997 I am_cpu  : [8960,0,kworker/u8:20-events_unbound,60250,0,140]
06-05 07:06:39.069  1319  1997 I am_cpu  : [8990,0,kworker/u8:24-events_unbound,60248,0,100]
06-05 07:06:39.069  1319  1997 I am_cpu  : [9710,10152,ectivitymonitor,60248,0,10]
06-05 07:06:39.069  1319  1997 I am_cpu  : [9742,0,kworker/1:15H-kverityd,60249,0,50]
06-05 07:06:39.070  1319  1997 I am_cpu  : [10786,0,kworker/2:1,60248,0,40]
06-05 07:06:39.070  1319  1997 I am_cpu  : [11114,0,kworker/0:9H-kverityd,547505,0,10]
06-05 07:06:39.070  1319  1997 I am_cpu  : [11115,0,kworker/0:10H-kverityd,60248,0,60]
06-05 07:06:39.070  1319  1997 I am_cpu  : [11248,0,kworker/0:0-events,79816,0,100]
06-05 07:06:39.070  1319  1997 I am_cpu  : [11559,1020,mdnsd,79816,0,70]
06-05 07:06:39.070  1319  1997 I am_cpu  : [11627,10062,.media.sessions,60248,50,160]
06-05 07:06:39.070  1319  1997 I am_cpu  : [11701,0,kworker/3:8H-kverityd,79817,0,30]
06-05 07:06:39.070  1319  1997 I am_cpu  : [11703,0,kworker/3:11H-kverityd,79816,0,40]
06-05 07:06:39.070  1319  1997 I am_cpu  : [11814,0,kworker/3:12H-kverityd,159324,0,60]
06-05 07:06:39.070  1319  1997 I am_cpu  : [11972,0,kworker/u8:22-events_unbound,60247,0,180]
06-05 07:06:39.070  1319  1997 I am_cpu  : [12275,0,kworker/3:0-pm,60247,0,50]
06-05 07:06:39.070  1319  1997 I am_cpu  : [12324,0,kworker/1:2-pm,60247,0,80]
06-05 07:06:39.071  1319  1997 I am_cpu  : [12356,0,kworker/2:2,270772,0,80]
06-05 07:06:39.071  1319  1997 I am_cpu  : [12841,0,kworker/0:2-events,60246,0,40]
06-05 07:06:39.071  1319  1997 I am_cpu  : [13177,0,kworker/u8:8-events_unbound,60208,0,60]
06-05 07:06:39.071  1319  1997 I am_cpu  : [13343,0,kworker/2:6H-kverityd,60208,0,60]
06-05 07:06:39.071  1319  1997 I am_cpu  : [13366,1010,wpa_supplicant,0,0,0]
06-05 07:06:39.071  1319  1997 I am_cpu  : [13370,0,kworker/2:7H-kverityd,0,0,0]
06-05 07:06:39.071  1319  1997 I am_cpu  : [13387,10182,oadcastreceiver,0,0,0]
06-05 07:06:39.071  1319  1997 I am_cpu  : [13456,1029,clatd,0,0,0]
06-05 07:06:39.071  1319  1997 I am_cpu  : [13473,0,iptables-restor,0,0,0]
06-05 07:06:39.071  1319  1997 I am_cpu  : [13474,0,ip6tables-resto,0,0,0]
06-05 07:06:39.071  1319  1997 I am_cpu  : [13478,0,kworker/3:10H-kverityd,0,0,0]
06-05 07:06:39.071  1319  1997 I am_cpu  : [13479,0,kworker/3:13H-kverityd,0,0,0]
06-05 07:06:39.071  1319  1997 I am_cpu  : [13480,0,kworker/3:14H-kverityd,0,0,0]
06-05 07:06:39.071  1319  1997 I am_cpu  : [13482,0,kworker/3:1-sdhci_msm_generic_swq,0,0,0]
06-05 07:06:39.072  1319  1997 I am_cpu  : [13507,0,binder:13507_2,0,0,0]
06-05 07:06:39.072  1319  1997 I am_cpu  : [13537,0,kworker/2:0,0,0,0]
06-05 07:06:39.072  1319  1997 I am_cpu  : [16772,10050,gle.android.tts,60197,20,30]
06-05 07:06:39.072  1319  1997 I am_cpu  : [17353,0,kworker/u8:23-events_unbound,60198,0,90]
06-05 07:06:39.072  1319  1997 I am_cpu  : [22608,0,kworker/u8:21-events_unbound,60198,0,130]
06-05 07:06:39.072  1319  1997 I am_cpu  : [31232,2000,diag_mdlog,60198,820,430]
06-05 07:06:39.072  1319  1997 I am_cpu  : [32266,0,kworker/3:9H-kverityd,60197,0,90]
06-05 07:06:42.233  1319  2072 I am_freeze: [5574,com.fitbit.FitbitMobile]
06-05 07:06:42.394  1319  2072 I am_compact: [5574,com.fitbit.FitbitMobile,ANON,91428,69144,21968,63852,-18688,-6912,-11776,11776,159,FULL,53878897,900,16,304952,-3616]
06-05 07:06:54.543  1319  2072 I am_unfreeze: [5574,com.fitbit.FitbitMobile,6]
06-05 07:06:54.544  1319  2305 I am_uid_active: 10107
06-05 07:06:58.734  1319  2072 I am_freeze: [8388,io.homeassistant.companion.android]
06-05 07:07:00.547  1319  2070 I commit_sys_config_file: [settings-1-0,6]
06-05 07:07:02.917  1319  1985 I commit_sys_config_file: [display-state,20]
06-05 07:07:03.755  1319  2130 I netstats_mobile_sample: [333355,212740,871,1021,332551,210012,859,986,1780657619256]
06-05 07:07:03.761  1319  2130 I netstats_wifi_sample: [418174684,135139443,376567,249921,419363199,133823853,377851,241915,1780657619256]
06-05 07:07:03.799 13456 13456 I auditd  : type=1326 audit(0.0:408): auid=4294967295 uid=1029 gid=1029 ses=4294967295 subj=u:r:clatd:s0 comm="clatd" exe="/apex/com.android.tethering/bin/for-system/clatd" sig=0 arch=40000028 syscall=199 compat=1 ip=0xf747624c code=0x7ffc0000
06-05 07:07:03.799 13456 13456 I auditd  : type=1326 audit(0.0:409): auid=4294967295 uid=1029 gid=1029 ses=4294967295 subj=u:r:clatd:s0 comm="clatd" exe="/apex/com.android.tethering/bin/for-system/clatd" sig=0 arch=40000028 syscall=199 compat=1 ip=0xf747624c code=0x7ffc0000
06-05 07:07:03.799 13456 13456 I auditd  : type=1326 audit(0.0:410): auid=4294967295 uid=1029 gid=1029 ses=4294967295 subj=u:r:clatd:s0 comm="clatd" exe="/apex/com.android.tethering/bin/for-system/clatd" sig=0 arch=40000028 syscall=199 compat=1 ip=0xf747624c code=0x7ffc0000
06-05 07:07:03.799 13456 13456 I auditd  : type=1326 audit(0.0:411): auid=4294967295 uid=1029 gid=1029 ses=4294967295 subj=u:r:clatd:s0 comm="clatd" exe="/apex/com.android.tethering/bin/for-system/clatd" sig=0 arch=40000028 syscall=199 compat=1 ip=0xf747624c code=0x7ffc0000
06-05 07:07:04.291 13456 13456 I auditd  : type=1326 audit(0.0:412): auid=4294967295 uid=1029 gid=1029 ses=4294967295 subj=u:r:clatd:s0 comm="clatd" exe="/apex/com.android.tethering/bin/for-system/clatd" sig=0 arch=40000028 syscall=119 compat=1 ip=0xf7445408 code=0x7ffc0000
06-05 07:07:04.295 13456 13456 I auditd  : type=1326 audit(0.0:413): auid=4294967295 uid=1029 gid=1029 ses=4294967295 subj=u:r:clatd:s0 comm="clatd" exe="/apex/com.android.tethering/bin/for-system/clatd" sig=0 arch=40000028 syscall=199 compat=1 ip=0xf747624c code=0x7ffc0000
06-05 07:07:25.574  1319  2201 I cell_radio_power_change_event: [0,OFF_PROXY_CONNECTED:PROXY_CONNECTED_UPDATE,1780657645574]
06-05 07:07:25.675  1319  2130 I netstats_mobile_sample: [333355,212740,871,1021,332551,210012,859,986,1780657641175]
06-05 07:07:25.676  1319  2130 I netstats_wifi_sample: [418174684,135139443,376567,249921,419363199,133823853,377851,241915,1780657641175]
06-05 07:07:25.782  2540  2557 I service_manager_stats: [100,19,147365]
06-05 07:07:25.811  1319  2070 I commit_sys_config_file: [settings-0-0,35]
06-05 07:07:26.526  2540  2540 I gsm_service_state_change: [0,0,0,1]
06-05 07:07:26.586  1319  2072 I am_unfreeze: [13387,com.google.android.cellbroadcastreceiver,3]
06-05 07:07:26.859  2540  2540 I gsm_service_state_change: [0,1,3,3]
06-05 07:07:26.859  2540  2540 I gsm_rat_switched_new: [-1,14,0]
06-05 07:07:26.993  1319  3426 I service_manager_stats: [100,25,668149]
06-05 07:07:27.015  1319  2072 I am_freeze: [5245,com.google.android.gms]
06-05 07:07:27.101  1319  2072 I am_compact: [5245,com.google.android.gms,ANON,65972,52928,12732,58912,-3968,-384,-3584,3584,85,FULL,53698761,905,19,300232,-148]
06-05 07:07:27.498  1319  2072 I am_unfreeze: [5245,com.google.android.gms,10]
06-05 07:07:27.658  1319  2119 I netstats_mobile_sample: [333355,212740,871,1021,332551,210012,859,986,1780657643158]
06-05 07:07:27.659  1319  2119 I netstats_wifi_sample: [418174684,135139443,376567,249921,419363199,133823853,377851,241915,1780657643158]
06-05 07:07:29.567  1319  2146 I dvm_lock_sample: [system_server,0,binder:1319_6,2020,go/retraceme 89603491740b48bbc0e4e3d83afb599b536dc4311d9567e5069d9647d9214d1d,3,void com.android.clockwork.displayoffload.BaseOffloadLayout.addStatusBar(com.google.android.clockwork.ambient.offload.types.TranslationGroup, com.google.android.clockwork.ambient.offload.types.BitmapResource),-,97,void com.android.clockwork.displayoffload.BaseOffloadLayout.sendToHal(com.android.clockwork.displayoffload.HalAdapter),100]
06-05 07:07:29.570  1319  1319 I dvm_lock_sample: [system_server,1,main,1022,go/retraceme 89603491740b48bbc0e4e3d83afb599b536dc4311d9567e5069d9647d9214d1d,5,void com.android.clockwork.displayoffload.OffloadLayoutManager.releaseLayoutTimeoutWakeLock(boolean),-,68,void com.android.clockwork.displayoffload.OffloadLayoutManager.releaseLayoutTimeoutWakeLock(boolean),100]
06-05 07:07:29.621  1319  1985 I commit_sys_config_file: [display-state,25]
06-05 07:07:31.923  1319  2072 I am_freeze: [13387,com.google.android.cellbroadcastreceiver]
06-05 07:07:31.972  1319  2072 I am_compact: [13387,com.google.android.cellbroadcastreceiver,ANON,53236,40064,12916,33708,-2688,-896,-1792,1920,45,FULL,53889233,905,19,295924,-84]
06-05 07:07:32.139  1319  1985 I commit_sys_config_file: [display-state,17]
06-05 07:08:01.418  1319  1319 I dvm_lock_sample: [system_server,1,main,19,go/retraceme e692cb518c4bef8aad1a205a9c960701d0ecc17ba319870202754d67697c4948,49,void com.android.server.alarm.AlarmManagerService$DeliveryTracker.alarmComplete(android.os.IBinder),-,695,void com.android.server.alarm.AlarmManagerService$AlarmThread.run(),3]
06-05 07:08:04.120  1319  1985 I commit_sys_config_file: [display-state,16]
06-05 07:09:01.960  1319  2070 I commit_sys_config_file: [settings-1-0,10]
06-05 07:09:04.183  1319  1985 I commit_sys_config_file: [display-state,21]
06-05 07:10:01.984  1319  2070 I commit_sys_config_file: [settings-1-0,24]
06-05 07:10:04.232  1319  1985 I commit_sys_config_file: [display-state,18]
06-05 07:11:01.721  1319  2072 I am_freeze: [5574,com.fitbit.FitbitMobile]
06-05 07:11:02.020  1319  2070 I commit_sys_config_file: [settings-1-0,4]
06-05 07:11:02.165  1319  2072 I am_compact: [5574,com.fitbit.FitbitMobile,ANON,150664,101144,49184,35280,-61440,-24064,-37376,37376,443,FULL,53931029,900,16,295952,-8348]
06-05 07:11:04.196  1319  1985 I commit_sys_config_file: [display-state,20]
06-05 07:12:55.767  1319  1985 I commit_sys_config_file: [display-state,244]
06-05 07:13:00.951  1319  2070 I commit_sys_config_file: [settings-1-0,9]
06-05 07:13:03.301  1319  1985 I commit_sys_config_file: [display-state,20]
06-05 07:13:03.378  1319  2013 I dvm_lock_sample: [system_server,0,DisplayOffloadBgThread,73,go/retraceme 89603491740b48bbc0e4e3d83afb599b536dc4311d9567e5069d9647d9214d1d,16,void com.android.clockwork.displayoffload.DisplayOffloadService$6.onDisplayChanged(int),-,7,void com.android.clockwork.displayoffload.DisplayControlManager.updateOffloadState(int),14]
06-05 07:14:04.160  1319  1985 I commit_sys_config_file: [display-state,20]
06-05 07:14:46.383  1319  2060 I device_idle_step: 
06-05 07:14:46.509  1319  2060 I device_idle: [6,s:alarm]
06-05 07:14:46.511  1319  2060 I device_idle_off_start: unknown
06-05 07:14:46.511  1319  2060 I device_idle_off_phase: power
06-05 07:14:46.513  1319  2060 I device_idle_off_phase: net
06-05 07:14:46.519  1319  2060 I device_idle_off_complete: 
06-05 07:14:46.576  1319  2072 I am_unfreeze: [8388,io.homeassistant.companion.android,6]
06-05 07:14:46.760  1319  1986 I am_wtf  : [0,1319,system_server,-1,ActivityManager,Background started FGS: Disallowed [callingPackage: io.homeassistant.companion.android; callingUid: 10185; uidState: TRNB; uidBFSL: n/a; intent: Intent { act=ACTION_START_FOREGROUND xflg=0x4 cmp=io.homeassistant.companion.android/androidx.work.impl.foreground.SystemForegroundService (has extras) }; code:DENIED; tempAllowListReason:<null>; allowWiu:-1; targetSdkVersion:34; callerTargetSdkVersion:34; startForegroundCount:0; bindFromPackage:null: isBindService:false]]
06-05 07:14:46.762  1319  2330 I am_foreground_service_denied: [0,io.homeassistant.companion.android/androidx.work.impl.foreground.SystemForegroundService,0,DENIED,34,34,0,0,0,0,UNKNOWN,0]
06-05 07:14:47.003  1319  1986 I am_uid_running: 10095
06-05 07:14:47.043  1319  1987 I am_proc_start: [0,13691,10095,com.google.android.calendar,broadcast,{com.google.android.calendar/com.google.android.libraries.notifications.platform.entrypoints.push.PushReceiver}]
06-05 07:14:47.080  7228 13289 I c2dm    : [-7,,6,4]
06-05 07:14:47.084  7228 13289 I c2dm    : [-7,,6,4]
06-05 07:14:47.115  1319  2072 I am_unfreeze: [12646,com.android.vending,3]
06-05 07:14:47.438  1319  2330 I am_proc_bound: [0,13691,com.google.android.calendar]
06-05 07:14:48.127  1319  1987 I am_proc_start: [0,13757,10055,com.android.vending:background,service,{com.android.vending/com.google.frameworks.client.data.android.server.play.BackgroundProcessEndpointService}]
06-05 07:14:48.187  1319  2145 I am_proc_bound: [0,13757,com.android.vending:background]
06-05 07:14:48.442 12646 13736 I dvm_lock_sample: [com.android.vending,0,CustomFlagUpdateTaskExecutor,783,PG,44,java.lang.Object psp.doInBackground(java.lang.Object[]),-,200,java.lang.Object psp.doInBackground(java.lang.Object[]),100]
06-05 07:14:49.103  1319  1319 I notification_cancel_all: [1000,1319,com.google.android.calendar,0,0,0,20,NULL]
06-05 07:14:49.262  1319  1986 I am_uid_running: 10080
06-05 07:14:49.326  1319  1987 I am_proc_start: [0,13830,10080,com.google.android.gm,broadcast,{com.google.android.gm/com.google.android.libraries.notifications.platform.entrypoints.push.PushReceiver}]
06-05 07:14:49.382  1319  1589 I commit_sys_config_file: [notification-policy,45]
06-05 07:14:49.416  1319  2963 I am_proc_bound: [0,13830,com.google.android.gm]
06-05 07:14:49.595  1319  2072 I am_unfreeze: [12491,com.google.android.apps.safetyhub,6]
06-05 07:14:50.282  1319  2093 I sync    : [com.google.android.calendar,0,0,903833914]
06-05 07:14:50.337  1319  1997 I commit_sys_config_file: [batterystats,45]
06-05 07:14:51.263  1319  1997 I am_cpu  : [1,0,init,64043,60,40]
06-05 07:14:51.263  1319  1997 I am_cpu  : [16,0,rcu_preempt,64043,0,80]
06-05 07:14:51.263  1319  1997 I am_cpu  : [17,0,rcuog/0,64043,0,50]
06-05 07:14:51.263  1319  1997 I am_cpu  : [18,0,rcuop/0,64043,0,50]
06-05 07:14:51.263  1319  1997 I am_cpu  : [20,0,rcu_exp_gp_kthread_worker,64043,0,10]
06-05 07:14:51.263  1319  1997 I am_cpu  : [31,0,rcuop/1,64051,0,50]
06-05 07:14:51.263  1319  1997 I am_cpu  : [38,0,rcuog/2,64051,0,60]
06-05 07:14:51.263  1319  1997 I am_cpu  : [39,0,rcuop/2,64051,0,40]
06-05 07:14:51.263  1319  1997 I am_cpu  : [43,0,ksoftirqd/3,64050,0,50]
06-05 07:14:51.263  1319  1997 I am_cpu  : [46,0,rcuop/3,64051,0,50]
06-05 07:14:51.263  1319  1997 I am_cpu  : [62,0,kswapd0,64051,0,3310]
06-05 07:14:51.263  1319  1997 I am_cpu  : [92,0,glink-rpm_requests,64051,0,830]
06-05 07:14:51.263  1319  1997 I am_cpu  : [127,0,irq/102-4744000.sdhci,64051,0,10]
06-05 07:14:51.263  1319  1997 I am_cpu  : [128,0,kgsl-events,64051,0,10]
06-05 07:14:51.263  1319  1997 I am_cpu  : [137,0,kgsl_dispatcher,64052,0,30]
06-05 07:14:51.263  1319  1997 I am_cpu  : [138,0,crtc_commit:87,64052,0,90]
06-05 07:14:51.263  1319  1997 I am_cpu  : [139,0,crtc_event:87,64052,0,80]
06-05 07:14:51.263  1319  1997 I am_cpu  : [152,0,jbd2/mmcblk0p54-8,143868,0,10]
06-05 07:14:51.263  1319  1997 I am_cpu  : [216,0,ueventd,64068,50,30]
06-05 07:14:51.263  1319  1997 I am_cpu  : [328,1013,audioadsprpcd,64077,0,10]
06-05 07:14:51.263  1319  1997 I am_cpu  : [329,1036,logd,64077,500,1440]
06-05 07:14:51.264  1319  1997 I am_cpu  : [330,1069,lmkd,64077,20,20]
06-05 07:14:51.264  1319  1997 I am_cpu  : [331,1000,servicemanager,64077,100,10]
06-05 07:14:51.264  1319  1997 I am_cpu  : [338,1000,qseecomd,64077,10,50]
06-05 07:14:51.264  1319  1997 I am_cpu  : [340,1000,android.hardwar,143894,0,290]
06-05 07:14:51.264  1319  1997 I am_cpu  : [355,0,binder:355_2,64078,0,10]
06-05 07:14:51.264  1319  1997 I am_cpu  : [391,0,irq/125-4520300.qcom,bwmon-ddr,64089,0,420]
06-05 07:14:51.264  1319  1997 I am_cpu  : [413,0,autobahn_proxy,64089,0,2900]
06-05 07:14:51.264  1319  1997 I am_cpu  : [414,0,autobahn_mac_initiator,64089,0,8880]
06-05 07:14:51.264  1319  1997 I am_cpu  : [422,0,gbms_virt_stora,64089,0,20]
06-05 07:14:51.264  1319  1997 I am_cpu  : [425,1000,pixelstats-vend,64089,10,40]
06-05 07:14:51.264  1319  1997 I am_cpu  : [426,0,wdcd,64092,0,10]
06-05 07:14:51.264  1319  1997 I am_cpu  : [430,1000,android.system.,64092,210,4040]
06-05 07:14:51.264  1319  1997 I am_cpu  : [431,1017,binder:431_2,143908,20,60]
06-05 07:14:51.264  1319  1997 I am_cpu  : [447,1027,android.hardwar,64098,0,10]
06-05 07:14:51.264  1319  1997 I am_cpu  : [454,1000,binder:454_2,64099,0,10]
06-05 07:14:51.264  1319  1997 I am_cpu  : [456,1000,sscrpcd,64099,0,20]
06-05 07:14:51.264  1319  1997 I am_cpu  : [499,0,irq/144-qbg-sdam,398288,0,10]
06-05 07:14:51.264  1319  1997 I am_cpu  : [517,0,f2fs_ckpt-254:57,64099,0,110]
06-05 07:14:51.264  1319  1997 I am_cpu  : [526,0,android.hardwar,64099,10,40]
06-05 07:14:51.264  1319  1997 I am_cpu  : [531,1000,surfaceflinger,64112,320,260]
06-05 07:14:51.264  1319  1997 I am_cpu  : [539,1000,binder:539_2,64113,70,190]
06-05 07:14:51.264  1319  1997 I am_cpu  : [548,0,qrtr_ns,64114,0,10]
06-05 07:14:51.264  1319  1997 I am_cpu  : [556,1058,tombstoned,64114,10,0]
06-05 07:14:51.264  1319  1997 I am_cpu  : [707,1000,time_daemon,64126,0,30]
06-05 07:14:51.264  1319  1997 I am_cpu  : [708,1001,binder:708_2,64126,10,30]
06-05 07:14:51.264  1319  1997 I am_cpu  : [710,0,binder:710_2,64126,390,340]
06-05 07:14:51.264  1319  1997 I am_cpu  : [739,0,binder:739_3,64126,60,210]
06-05 07:14:51.264  1319  1997 I am_cpu  : [741,1066,binder:741_3,64126,330,230]
06-05 07:14:51.264  1319  1997 I am_cpu  : [742,0,main,64126,0,60]
06-05 07:14:51.264  1319  1997 I am_cpu  : [876,0,dhd_watchdog_thread,64133,0,10]
06-05 07:14:51.264  1319  1997 I am_cpu  : [877,0,dhd_dpc,64133,0,10]
06-05 07:14:51.264  1319  1997 I am_cpu  : [889,1000,ssgtzd,64135,0,30]
06-05 07:14:51.264  1319  1997 I am_cpu  : [890,1000,diag-router,64136,250,550]
06-05 07:14:51.264  1319  1997 I am_cpu  : [892,1002,binder:892_2,64137,610,730]
06-05 07:14:51.264  1319  1997 I am_cpu  : [897,1080,android.hardwar,64138,20,20]
06-05 07:14:51.264  1319  1997 I am_cpu  : [908,1021,binder:908_2,64139,10,50]
06-05 07:14:51.264  1319  1997 I am_cpu  : [909,1000,android.hardwar,64139,0,20]
06-05 07:14:51.265  1319  1997 I am_cpu  : [911,1000,android.hardwar,64140,40,140]
06-05 07:14:51.265  1319  1997 I am_cpu  : [912,1000,android.hardwar,64143,10,10]
06-05 07:14:51.265  1319  1997 I am_cpu  : [933,1001,vendor.google.r,64156,10,10]
06-05 07:14:51.265  1319  1997 I am_cpu  : [937,1000,binder:937_2,64156,0,10]
06-05 07:14:51.265  1319  1997 I am_cpu  : [949,1000,binder:949_2,64161,70,60]
06-05 07:14:51.265  1319  1997 I am_cpu  : [979,1000,pd-mapper,64162,0,10]
06-05 07:14:51.265  1319  1997 I am_cpu  : [986,1000,pm-service,64162,0,10]
06-05 07:14:51.265  1319  1997 I am_cpu  : [1012,1072,binder:1012_2,124566,0,10]
06-05 07:14:51.265  1319  1997 I am_cpu  : [1035,0,modem_svc,64163,0,10]
06-05 07:14:51.265  1319  1997 I am_cpu  : [1038,9999,rmt_storage,64163,10,60]
06-05 07:14:51.265  1319  1997 I am_cpu  : [1039,2903,tftp_server,64164,0,10]
06-05 07:14:51.265  1319  1997 I am_cpu  : [1103,1000,subsystem_ramdu,64164,0,10]
06-05 07:14:51.265  1319  1997 I am_cpu  : [1199,9999,traced_probes,64164,0,10]
06-05 07:14:51.265  1319  1997 I am_cpu  : [1204,9999,traced,64164,0,20]
06-05 07:14:51.265  1319  1997 I am_cpu  : [1249,1067,binder:1249_2,124552,0,10]
06-05 07:14:51.265  1319  1997 I am_cpu  : [1281,0,sysproxyd,64180,0,30]
06-05 07:14:51.265  1319  1997 I am_cpu  : [1282,1010,wificond,64181,30,30]
06-05 07:14:51.265  1319  1997 I am_cpu  : [1286,1000,binder:1286_4,64180,10,60]
06-05 07:14:51.265  1319  1997 I am_cpu  : [1287,1001,binder:1287_2,64182,20,50]
06-05 07:14:51.265  1319  1997 I am_cpu  : [1290,1001,ipacm-diag,64183,0,10]
06-05 07:14:51.265  1319  1997 I am_cpu  : [1292,1001,binder:1292_2,64183,20,300]
06-05 07:14:51.265  1319  1997 I am_cpu  : [1300,1001,port-bridge,64183,0,20]
06-05 07:14:51.265  1319  1997 I am_cpu  : [1310,1001,binder:1310_2,64184,10,60]
06-05 07:14:51.265  1319  1997 I am_cpu  : [1315,1000,adsprpcd,64184,0,20]
06-05 07:14:51.265  1319  1997 I am_cpu  : [1319,1000,system_server,64185,4670,4340]
06-05 07:14:51.265  1319  1997 I am_cpu  : [1350,0,update_engine,144004,10,0]
06-05 07:14:51.265  1319  1997 I am_cpu  : [1368,1021,xtra-daemon,64189,0,20]
06-05 07:14:51.265  1319  1997 I am_cpu  : [1376,1080,chre,64189,50,90]
06-05 07:14:51.265  1319  1997 I am_cpu  : [1390,1001,main,64190,180,350]
06-05 07:14:51.269  1319  1997 I am_cpu  : [1410,1000,binder:1410_2,64191,740,2010]
06-05 07:14:51.269  1319  1997 I am_cpu  : [1414,0,glink-IPCRTR,64190,0,60]
06-05 07:14:51.269  1319  1997 I am_cpu  : [1564,1036,logcat,64191,460,330]
06-05 07:14:51.269  1319  1997 I am_cpu  : [1577,1000,hvdcp_opti,64192,10,40]
06-05 07:14:51.269  1319  1997 I am_cpu  : [1585,1000,android.hardwar,64192,20,20]
06-05 07:14:51.269  1319  1997 I am_cpu  : [1868,1000,android.hardwar,64193,90,170]
06-05 07:14:51.269  1319  1997 I am_cpu  : [1992,0,psimon,64195,0,20]
06-05 07:14:51.269  1319  1997 I am_cpu  : [2215,1010,binder:2215_2,64195,0,50]
06-05 07:14:51.269  1319  1997 I am_cpu  : [2250,1000,e.wear.services,64196,470,230]
06-05 07:14:51.269  1319  1997 I am_cpu  : [2309,10124,e.watchface.rwf,64202,4080,820]
06-05 07:14:51.269  1319  1997 I am_cpu  : [2339,1073,rkstack.process,64204,100,60]
06-05 07:14:51.269  1319  1997 I am_cpu  : [2355,1002,droid.bluetooth,64208,660,720]
06-05 07:14:51.269  1319  1997 I am_cpu  : [2375,10149,elsystemservice,64209,0,10]
06-05 07:14:51.269  1319  1997 I am_cpu  : [2398,2918,.cacertservice,64209,0,10]
06-05 07:14:51.269  1319  1997 I am_cpu  : [2421,10153,oid.grilservice,64209,10,10]
06-05 07:14:51.269  1319  1997 I am_cpu  : [2424,10148,.codeaurora.ims,64209,50,60]
06-05 07:14:51.269  1319  1997 I am_cpu  : [2462,1068,com.android.se,64210,0,20]
06-05 07:14:51.269  1319  1997 I am_cpu  : [2508,1001,.dataservices,64210,0,20]
06-05 07:14:51.269  1319  1997 I am_cpu  : [2521,1027,gle.android.nfc,64211,0,20]
06-05 07:14:51.269  1319  1997 I am_cpu  : [2522,10098,qtidataservices,64212,50,90]
06-05 07:14:51.269  1319  1997 I am_cpu  : [2540,1001,m.android.phone,64212,2340,730]
06-05 07:14:51.269  1319  1997 I am_cpu  : [2810,0,msm_irqbalance,64212,20,40]
06-05 07:14:51.269  1319  1997 I am_cpu  : [2824,0,adsp_wdog,64212,0,10]
06-05 07:14:51.269  1319  1997 I am_cpu  : [2830,1000,droid.satellite,64213,10,10]
06-05 07:14:51.269  1319  1997 I am_cpu  : [2838,0,thermal-engine-,64213,70,220]
06-05 07:14:51.269  1319  1997 I am_cpu  : [2970,10116,roid.apps.scone,64213,150,200]
06-05 07:14:51.269  1319  1997 I am_cpu  : [3095,10056,.healthservices,64213,400,130]
06-05 07:14:51.270  1319  1997 I am_cpu  : [3239,10058,roid.euicc.wear,64213,0,20]
06-05 07:14:51.270  1319  1997 I am_cpu  : [3336,10164,rs.media.module,64213,10,50]
06-05 07:14:51.270  1319  1997 I am_cpu  : [3447,1000,RestartDetector,64214,10,10]
06-05 07:14:51.270  1319  1997 I am_cpu  : [3451,10159,oid.pixellogger,64215,0,20]
06-05 07:14:51.270  1319  1997 I am_cpu  : [3568,1041,audioserver,64214,30,30]
06-05 07:14:51.270  1319  1997 I am_cpu  : [3569,1041,binder:3569_2,64214,0,50]
06-05 07:14:51.270  1319  1997 I am_cpu  : [3580,1000,ttings.provider,64215,0,10]
06-05 07:14:51.270  1319  1997 I am_cpu  : [4272,10057,putmethod.latin,64215,20,50]
06-05 07:14:51.270  1319  1997 I am_cpu  : [4536,10155,arable.systemui,64215,40,100]
06-05 07:14:51.270  1319  1997 I am_cpu  : [4623,10064,id.wearable.app,64215,20,40]
06-05 07:14:51.270  1319  1997 I am_cpu  : [4661,10066,.wearable.sysui,64214,370,290]
06-05 07:14:51.270  1319  1997 I am_cpu  : [5245,10132,gle.android.gms,64214,30,130]
06-05 07:14:51.270  1319  1997 I am_cpu  : [5574,10107,it.FitbitMobile,64215,8870,2380]
06-05 07:14:51.270  1319  1997 I am_cpu  : [6471,10112,able.pixel.pdms,64215,10,10]
06-05 07:14:51.270  1319  1997 I am_cpu  : [7034,10133,com.qti.phone,64216,10,40]
06-05 07:14:51.270  1319  1997 I am_cpu  : [7086,10073,id.ext.services,64215,0,10]
06-05 07:14:51.270  1319  1997 I am_cpu  : [7191,10067,rable.assistant,64215,70,50]
06-05 07:14:51.270  1319  1997 I am_cpu  : [7228,10132,.gms.persistent,64215,2000,1320]
06-05 07:14:51.270  1319  1997 I am_cpu  : [8169,0,kworker/u8:0-memlat_wq,64216,0,200]
06-05 07:14:51.270  1319  1997 I am_cpu  : [8192,0,kworker/u8:1-memlat_wq,64216,0,70]
06-05 07:14:51.270  1319  1997 I am_cpu  : [8388,10185,mpanion.android,64216,1180,570]
06-05 07:14:51.270  1319  1997 I am_cpu  : [8534,0,kworker/u8:2-memlat_wq,64215,0,70]
06-05 07:14:51.270  1319  1997 I am_cpu  : [8751,0,kworker/3:0H-kverityd,204183,0,50]
06-05 07:14:51.270  1319  1997 I am_cpu  : [8774,0,kworker/3:1H-kverityd,64216,0,50]
06-05 07:14:51.270  1319  1997 I am_cpu  : [8838,0,kworker/3:6H-kblockd,64216,0,20]
06-05 07:14:51.270  1319  1997 I am_cpu  : [8943,0,kworker/u8:3-events_unbound,64216,0,70]
06-05 07:14:51.270  1319  1997 I am_cpu  : [8944,0,kworker/u8:4-events_unbound,64216,0,180]
06-05 07:14:51.270  1319  1997 I am_cpu  : [8945,0,kworker/u8:5-events_unbound,144032,0,30]
06-05 07:14:51.270  1319  1997 I am_cpu  : [8946,0,kworker/u8:6-events_unbound,64215,0,150]
06-05 07:14:51.270  1319  1997 I am_cpu  : [8949,0,kworker/u8:9-events_unbound,64215,0,70]
06-05 07:14:51.270  1319  1997 I am_cpu  : [8950,0,kworker/u8:10-events_unbound,64215,0,180]
06-05 07:14:51.270  1319  1997 I am_cpu  : [8951,0,kworker/u8:11-events_unbound,64215,0,290]
06-05 07:14:51.270  1319  1997 I am_cpu  : [8952,0,kworker/u8:12-events_unbound,64215,0,190]
06-05 07:14:51.270  1319  1997 I am_cpu  : [8953,0,kworker/u8:13-events_unbound,64215,0,120]
06-05 07:14:51.270  1319  1997 I am_cpu  : [8954,0,kworker/u8:14-events_unbound,64215,0,90]
06-05 07:14:51.270  1319  1997 I am_cpu  : [8955,0,kworker/u8:15-events_unbound,64215,0,50]
06-05 07:14:51.271  1319  1997 I am_cpu  : [8956,0,kworker/u8:16-events_unbound,64215,0,160]
06-05 07:14:51.271  1319  1997 I am_cpu  : [8957,0,kworker/u8:17-events_unbound,64215,0,80]
06-05 07:14:51.271  1319  1997 I am_cpu  : [8959,0,kworker/u8:19-events_unbound,64216,0,120]
06-05 07:14:51.271  1319  1997 I am_cpu  : [8960,0,kworker/u8:20-events_unbound,64216,0,60]
06-05 07:14:51.271  1319  1997 I am_cpu  : [8990,0,kworker/u8:24-events_unbound,64216,0,100]
06-05 07:14:51.271  1319  1997 I am_cpu  : [9710,10152,ectivitymonitor,64216,10,10]
06-05 07:14:51.271  1319  1997 I am_cpu  : [9742,0,kworker/1:15H-kverityd,64215,0,40]
06-05 07:14:51.271  1319  1997 I am_cpu  : [11114,0,kworker/0:9H-kverityd,64216,0,60]
06-05 07:14:51.271  1319  1997 I am_cpu  : [11559,1020,mdnsd,64216,10,40]
06-05 07:14:51.271  1319  1997 I am_cpu  : [11627,10062,.media.sessions,64216,50,60]
06-05 07:14:51.271  1319  1997 I am_cpu  : [11701,0,kworker/3:8H-kverityd,64216,0,40]
06-05 07:14:51.272  1319  1997 I am_cpu  : [11703,0,kworker/3:11H-kverityd,64216,0,20]
06-05 07:14:51.272  1319  1997 I am_cpu  : [11814,0,kworker/3:12H-kverityd,64216,0,50]
06-05 07:14:51.272  1319  1997 I am_cpu  : [11972,0,kworker/u8:22-events_unbound,64216,0,270]
06-05 07:14:51.272  1319  1997 I am_cpu  : [12324,0,kworker/1:2-pm,64217,0,70]
06-05 07:14:51.272  1319  1997 I am_cpu  : [12356,0,kworker/2:2,64217,0,70]
06-05 07:14:51.272  1319  1997 I am_cpu  : [12491,10052,.apps.safetyhub,124464,190,190]
06-05 07:14:51.272  1319  1997 I am_cpu  : [12646,10055,android.vending,274539,1640,800]
06-05 07:14:51.272  1319  1997 I am_cpu  : [12841,0,kworker/0:2-events,64216,0,90]
06-05 07:14:51.272  1319  1997 I am_cpu  : [13148,0,kworker/3:7H-kverityd,144032,0,20]
06-05 07:14:51.272  1319  1997 I am_cpu  : [13177,0,kworker/u8:8-events_unbound,64217,0,100]
06-05 07:14:51.272  1319  1997 I am_cpu  : [13343,0,kworker/2:6H-kverityd,64217,0,40]
06-05 07:14:51.272  1319  1997 I am_cpu  : [13387,10182,oadcastreceiver,64216,40,30]
06-05 07:14:51.272  1319  1997 I am_cpu  : [13482,0,kworker/3:1-sdhci_msm_generic_swq,64214,0,130]
06-05 07:14:51.272  1319  1997 I am_cpu  : [13507,0,binder:13507_2,64214,120,340]
06-05 07:14:51.272  1319  1997 I am_cpu  : [13625,0,kworker/1:0,0,0,0]
06-05 07:14:51.272  1319  1997 I am_cpu  : [13627,0,iptables-restor,0,0,0]
06-05 07:14:51.272  1319  1997 I am_cpu  : [13628,0,ip6tables-resto,0,0,0]
06-05 07:14:51.272  1319  1997 I am_cpu  : [13691,10095,ndroid.calendar,0,0,0]
06-05 07:14:51.272  1319  1997 I am_cpu  : [13757,10055,ding:background,0,0,0]
06-05 07:14:51.272  1319  1997 I am_cpu  : [13830,10080,ogle.android.gm,0,0,0]
06-05 07:14:51.272  1319  1997 I am_cpu  : [16772,10050,gle.android.tts,64236,0,20]
06-05 07:14:51.272  1319  1997 I am_cpu  : [17353,0,kworker/u8:23-events_unbound,64236,0,210]
06-05 07:14:51.272  1319  1997 I am_cpu  : [22608,0,kworker/u8:21-events_unbound,64236,0,50]
06-05 07:14:51.272  1319  1997 I am_cpu  : [31232,2000,diag_mdlog,64236,360,170]
06-05 07:14:51.826  1319  2070 I commit_sys_config_file: [settings-1-0,46]
06-05 07:14:51.872  1319  1589 I commit_sys_config_file: [jobs,22]
06-05 07:14:51.878  1319  2236 I dvm_lock_sample: [system_server,1,binder:1319_8,64,go/retraceme e692cb518c4bef8aad1a205a9c960701d0ecc17ba319870202754d67697c4948,5,void com.android.server.accounts.AccountManagerService.setUserdataInternal(com.android.server.accounts.AccountManagerService$UserAccounts, android.accounts.Account, java.lang.String, java.lang.String, int),-,191,void com.android.server.accounts.AccountManagerService.setUserdataInternal(com.android.server.accounts.AccountManagerService$UserAccounts, android.accounts.Account, java.lang.String, java.lang.String, int),12]
06-05 07:14:51.910  1319  1589 I commit_sys_config_file: [jobs,37]
06-05 07:14:52.727 13691 13833 I dvm_lock_sample: [com.google.android.calendar,0,gnp-blocking-thread-1,669,ProviderInstaller.java,15,void cal.pnx.a(android.content.Context),-,164,void cal.pnx.a(android.content.Context),100]
06-05 07:14:53.648  1319  2060 I dvm_lock_sample: [system_server,1,appscheduling.default,5,go/retraceme e692cb518c4bef8aad1a205a9c960701d0ecc17ba319870202754d67697c4948,5,void com.android.server.job.controllers.ConnectivityController$CcHandler.handleMessage(android.os.Message),-,63,boolean com.android.server.job.JobSchedulerService.cancelJob(int, int, int, int, java.lang.String),1]
06-05 07:14:54.147  1319  1985 I commit_sys_config_file: [display-state,23]
06-05 07:14:54.206  1319  2145 I device_idle_step: 
06-05 07:14:54.207  1319  2145 I device_idle: [5,s:early]
06-05 07:14:54.219  1319  2060 I device_idle_on_start: 
06-05 07:14:54.219  1319  2060 I device_idle_on_phase: power
06-05 07:14:54.228  1319  2093 I sync    : [com.google.android.calendar,1,0,903833914]
06-05 07:14:54.309  1319  2072 I am_freeze: [13757,com.android.vending:background]
06-05 07:14:54.319  1319  2060 I device_idle_on_phase: net
06-05 07:14:54.324  1319  2060 I device_idle_on_complete: 
06-05 07:14:54.547  1319  2072 I am_compact: [13757,com.android.vending:background,ANON,116508,85828,30296,27296,-17152,-2560,-14592,14464,233,SOME,0,905,19,356000,-3240]
06-05 07:15:01.443  1319  2010 I dvm_lock_sample: [system_server,1,PowerManagerService,49,go/retraceme e692cb518c4bef8aad1a205a9c960701d0ecc17ba319870202754d67697c4948,5,void com.android.server.power.PowerManagerService.-$$Nest$mhandleSandman(com.android.server.power.PowerManagerService, int),-,266,void com.android.server.power.PowerManagerService.-$$Nest$macquireWakeLockInternal(com.android.server.power.PowerManagerService, android.os.IBinder, int, int, java.lang.String, java.lang.String, android.os.WorkSource, java.lang.String, int, int, android.os.IWakeLockCallback),9]
06-05 07:15:01.443  1319  1986 I am_uid_idle: 10107
06-05 07:15:02.070  1319  2070 I commit_sys_config_file: [settings-1-0,35]
06-05 07:15:02.542  1319  2072 I am_freeze: [8388,io.homeassistant.companion.android]
06-05 07:15:02.754  1319  2072 I am_compact: [8388,io.homeassistant.companion.android,ANON,70700,50960,19612,40876,-13056,-3328,-9728,9728,211,FULL,53891427,905,19,362124,208]
06-05 07:15:02.833  1319  1589 I commit_sys_config_file: [jobs,20]
06-05 07:15:03.990  1319  1985 I commit_sys_config_file: [display-state,19]
06-05 07:15:04.427  1319  2072 I am_freeze: [12491,com.google.android.apps.safetyhub]
06-05 07:15:36.685  1319  2072 I am_compact: [12491,com.google.android.apps.safetyhub,ANON,73688,53924,19508,35640,-13312,-3584,-9728,9728,212,FULL,53855213,905,19,361128,-656]
06-05 07:15:50.703  7228 13679 I c2dm    : [-7,,8,6]
06-05 07:15:50.706  7228 13679 I c2dm    : [-7,,8,6]
06-05 07:16:02.063  1319  2072 I am_freeze: [5245,com.google.android.gms]
06-05 07:16:02.155  1319  2003 I am_cpu  : [1,0,init,8736,10,20]
06-05 07:16:02.155  1319  2003 I am_cpu  : [16,0,rcu_preempt,8736,0,10]
06-05 07:16:02.155  1319  2003 I am_cpu  : [17,0,rcuog/0,8736,0,10]
06-05 07:16:02.155  1319  2003 I am_cpu  : [38,0,rcuog/2,8728,0,10]
06-05 07:16:02.155  1319  2003 I am_cpu  : [39,0,rcuop/2,8728,0,10]
06-05 07:16:02.155  1319  2003 I am_cpu  : [43,0,ksoftirqd/3,8728,0,50]
06-05 07:16:02.155  1319  2003 I am_cpu  : [62,0,kswapd0,8728,0,3040]
06-05 07:16:02.156  1319  2003 I am_cpu  : [92,0,glink-rpm_requests,8728,0,90]
06-05 07:16:02.156  1319  2003 I am_cpu  : [137,0,kgsl_dispatcher,8727,0,10]
06-05 07:16:02.156  1319  2003 I am_cpu  : [138,0,crtc_commit:87,8728,0,20]
06-05 07:16:02.156  1319  2003 I am_cpu  : [139,0,crtc_event:87,8728,0,20]
06-05 07:16:02.156  1319  2003 I am_cpu  : [216,0,ueventd,8711,10,10]
06-05 07:16:02.156  1319  2003 I am_cpu  : [329,1036,logd,8702,90,170]
06-05 07:16:02.156  1319  2003 I am_cpu  : [330,1069,lmkd,8702,10,30]
06-05 07:16:02.156  1319  2003 I am_cpu  : [331,1000,servicemanager,8702,10,0]
06-05 07:16:02.156  1319  2003 I am_cpu  : [391,0,irq/125-4520300.qcom,bwmon-ddr,8691,0,60]
06-05 07:16:02.156  1319  2003 I am_cpu  : [413,0,autobahn_proxy,8692,0,280]
06-05 07:16:02.156  1319  2003 I am_cpu  : [414,0,autobahn_mac_initiator,8692,0,1110]
06-05 07:16:02.156  1319  2003 I am_cpu  : [425,1000,pixelstats-vend,8692,0,10]
06-05 07:16:02.156  1319  2003 I am_cpu  : [430,1000,android.system.,8689,20,460]
06-05 07:16:02.156  1319  2003 I am_cpu  : [517,0,f2fs_ckpt-254:57,8683,0,50]
06-05 07:16:02.156  1319  2003 I am_cpu  : [526,0,android.hardwar,8683,10,20]
06-05 07:16:02.156  1319  2003 I am_cpu  : [531,1000,surfaceflinger,8670,50,60]
06-05 07:16:02.156  1319  2003 I am_cpu  : [539,1000,binder:539_2,8669,10,50]
06-05 07:16:02.157  1319  2003 I am_cpu  : [710,0,binder:710_2,8657,30,50]
06-05 07:16:02.157  1319  2003 I am_cpu  : [739,0,binder:739_3,8656,10,40]
06-05 07:16:02.157  1319  2003 I am_cpu  : [741,1066,binder:741_3,8657,80,40]
06-05 07:16:02.157  1319  2003 I am_cpu  : [890,1000,diag-router,8648,0,10]
06-05 07:16:02.157  1319  2003 I am_cpu  : [892,1002,binder:892_2,8647,120,200]
06-05 07:16:02.157  1319  2003 I am_cpu  : [908,1021,binder:908_2,8645,10,0]
06-05 07:16:02.157  1319  2003 I am_cpu  : [911,1000,android.hardwar,8645,10,30]
06-05 07:16:02.157  1319  2003 I am_cpu  : [912,1000,android.hardwar,8642,0,10]
06-05 07:16:02.157  1319  2003 I am_cpu  : [913,1000,android.hardwar,72784,10,0]
06-05 07:16:02.157  1319  2003 I am_cpu  : [933,1001,vendor.google.r,8629,0,10]
06-05 07:16:02.157  1319  2003 I am_cpu  : [949,1000,binder:949_2,8624,0,20]
06-05 07:16:02.157  1319  2003 I am_cpu  : [1204,9999,traced,8622,0,10]
06-05 07:16:02.157  1319  2003 I am_cpu  : [1281,0,sysproxyd,8607,0,10]
06-05 07:16:02.157  1319  2003 I am_cpu  : [1290,1001,ipacm-diag,8604,0,10]
06-05 07:16:02.157  1319  2003 I am_cpu  : [1292,1001,binder:1292_2,8604,0,20]
06-05 07:16:02.157  1319  2003 I am_cpu  : [1310,1001,binder:1310_2,8604,10,10]
06-05 07:16:02.157  1319  2003 I am_cpu  : [1319,1000,system_server,8602,920,1420]
06-05 07:16:02.157  1319  2003 I am_cpu  : [1376,1080,chre,8598,10,10]
06-05 07:16:02.157  1319  2003 I am_cpu  : [1390,1001,main,8597,0,20]
06-05 07:16:02.157  1319  2003 I am_cpu  : [1410,1000,binder:1410_2,8597,180,290]
06-05 07:16:02.157  1319  2003 I am_cpu  : [1564,1036,logcat,8596,60,50]
06-05 07:16:02.158  1319  2003 I am_cpu  : [1577,1000,hvdcp_opti,8596,0,10]
06-05 07:16:02.158  1319  2003 I am_cpu  : [1585,1000,android.hardwar,8596,0,20]
06-05 07:16:02.158  1319  2003 I am_cpu  : [1868,1000,android.hardwar,8595,10,30]
06-05 07:16:02.158  1319  2003 I am_cpu  : [2215,1010,binder:2215_2,8593,10,0]
06-05 07:16:02.158  1319  2003 I am_cpu  : [2250,1000,e.wear.services,8592,140,90]
06-05 07:16:02.158  1319  2003 I am_cpu  : [2309,10124,e.watchface.rwf,8586,1950,440]
06-05 07:16:02.158  1319  2003 I am_cpu  : [2339,1073,rkstack.process,8585,0,10]
06-05 07:16:02.158  1319  2003 I am_cpu  : [2355,1002,droid.bluetooth,8581,150,130]
06-05 07:16:02.158  1319  2003 I am_cpu  : [2398,2918,.cacertservice,8580,0,10]
06-05 07:16:02.158  1319  2003 I am_cpu  : [2421,10153,oid.grilservice,8580,0,10]
06-05 07:16:02.158  1319  2003 I am_cpu  : [2522,10098,qtidataservices,8578,0,10]
06-05 07:16:02.158  1319  2003 I am_cpu  : [2540,1001,m.android.phone,8578,330,130]
06-05 07:16:02.158  1319  2003 I am_cpu  : [2810,0,msm_irqbalance,8577,0,10]
06-05 07:16:02.159  1319  2003 I am_cpu  : [2830,1000,droid.satellite,8577,0,10]
06-05 07:16:02.159  1319  2003 I am_cpu  : [2838,0,thermal-engine-,8577,0,40]
06-05 07:16:02.159  1319  2003 I am_cpu  : [2970,10116,roid.apps.scone,8577,10,20]
06-05 07:16:02.159  1319  2003 I am_cpu  : [3095,10056,.healthservices,8576,90,90]
06-05 07:16:02.159  1319  2003 I am_cpu  : [3239,10058,roid.euicc.wear,8576,0,10]
06-05 07:16:02.159  1319  2003 I am_cpu  : [3336,10164,rs.media.module,8576,0,10]
06-05 07:16:02.159  1319  2003 I am_cpu  : [3568,1041,audioserver,8576,0,20]
06-05 07:16:02.159  1319  2003 I am_cpu  : [3569,1041,binder:3569_2,8576,0,20]
06-05 07:16:02.159  1319  2003 I am_cpu  : [4272,10057,putmethod.latin,8575,0,10]
06-05 07:16:02.159  1319  2003 I am_cpu  : [4536,10155,arable.systemui,8575,10,40]
06-05 07:16:02.159  1319  2003 I am_cpu  : [4623,10064,id.wearable.app,8575,10,10]
06-05 07:16:02.159  1319  2003 I am_cpu  : [4661,10066,.wearable.sysui,8575,20,70]
06-05 07:16:02.159  1319  2003 I am_cpu  : [5245,10132,gle.android.gms,8576,20,10]
06-05 07:16:02.159  1319  2003 I am_cpu  : [7191,10067,rable.assistant,8574,700,540]
06-05 07:16:02.159  1319  2003 I am_cpu  : [7228,10132,.gms.persistent,8574,630,490]
06-05 07:16:02.159  1319  2003 I am_cpu  : [8192,0,kworker/u8:1-memlat_wq,8574,0,10]
06-05 07:16:02.159  1319  2003 I am_cpu  : [8388,10185,mpanion.android,8574,190,60]
06-05 07:16:02.159  1319  2003 I am_cpu  : [8751,0,kworker/3:0H-kverityd,8575,0,10]
06-05 07:16:02.159  1319  2003 I am_cpu  : [8774,0,kworker/3:1H-kverityd,8575,0,10]
06-05 07:16:02.159  1319  2003 I am_cpu  : [8944,0,kworker/u8:4-events_unbound,8575,0,10]
06-05 07:16:02.159  1319  2003 I am_cpu  : [8945,0,kworker/u8:5-events_unbound,8575,0,10]
06-05 07:16:02.159  1319  2003 I am_cpu  : [8946,0,kworker/u8:6-events_unbound,8575,0,10]
06-05 07:16:02.159  1319  2003 I am_cpu  : [8949,0,kworker/u8:9-events_unbound,8575,0,40]
06-05 07:16:02.159  1319  2003 I am_cpu  : [8950,0,kworker/u8:10-events_unbound,8575,0,10]
06-05 07:16:02.159  1319  2003 I am_cpu  : [8951,0,kworker/u8:11-events_unbound,8575,0,30]
06-05 07:16:02.159  1319  2003 I am_cpu  : [8952,0,kworker/u8:12-events_unbound,8575,0,50]
06-05 07:16:02.159  1319  2003 I am_cpu  : [8953,0,kworker/u8:13-events_unbound,8575,0,20]
06-05 07:16:02.159  1319  2003 I am_cpu  : [8955,0,kworker/u8:15-events_unbound,8576,0,50]
06-05 07:16:02.159  1319  2003 I am_cpu  : [8956,0,kworker/u8:16-events_unbound,8576,0,10]
06-05 07:16:02.160  1319  2003 I am_cpu  : [8957,0,kworker/u8:17-events_unbound,8576,0,10]
06-05 07:16:02.160  1319  2003 I am_cpu  : [8959,0,kworker/u8:19-events_unbound,8575,0,40]
06-05 07:16:02.160  1319  2003 I am_cpu  : [8960,0,kworker/u8:20-events_unbound,8575,0,10]
06-05 07:16:02.160  1319  2003 I am_cpu  : [8990,0,kworker/u8:24-events_unbound,8575,0,10]
06-05 07:16:02.160  1319  2003 I am_cpu  : [9710,10152,ectivitymonitor,8575,0,10]
06-05 07:16:02.160  1319  2003 I am_cpu  : [9742,0,kworker/1:15H-kverityd,8575,0,40]
06-05 07:16:02.160  1319  2003 I am_cpu  : [11114,0,kworker/0:9H-kverityd,8575,0,30]
06-05 07:16:02.160  1319  2003 I am_cpu  : [11627,10062,.media.sessions,8575,20,40]
06-05 07:16:02.160  1319  2003 I am_cpu  : [11701,0,kworker/3:8H-kverityd,8575,0,30]
06-05 07:16:02.160  1319  2003 I am_cpu  : [11703,0,kworker/3:11H-kverityd,8575,0,90]
06-05 07:16:02.160  1319  2003 I am_cpu  : [11972,0,kworker/u8:22-events_unbound,8575,0,10]
06-05 07:16:02.160  1319  2003 I am_cpu  : [12324,0,kworker/1:2-pm,8575,0,10]
06-05 07:16:02.160  1319  2003 I am_cpu  : [12356,0,kworker/2:2,8575,0,10]
06-05 07:16:02.160  1319  2003 I am_cpu  : [12491,10052,.apps.safetyhub,8575,70,60]
06-05 07:16:02.160  1319  2003 I am_cpu  : [12646,10055,android.vending,8575,50,170]
06-05 07:16:02.160  1319  2003 I am_cpu  : [13147,0,kworker/3:4H-kverityd,152608,0,20]
06-05 07:16:02.160  1319  2003 I am_cpu  : [13177,0,kworker/u8:8-events_unbound,8575,0,70]
06-05 07:16:02.160  1319  2003 I am_cpu  : [13343,0,kworker/2:6H-kverityd,8574,0,50]
06-05 07:16:02.160  1319  2003 I am_cpu  : [13479,0,kworker/3:13H-kverityd,72790,0,10]
06-05 07:16:02.160  1319  2003 I am_cpu  : [13482,0,kworker/3:1-sdhci_msm_generic_swq,8575,0,10]
06-05 07:16:02.160  1319  2003 I am_cpu  : [13507,0,binder:13507_2,8575,0,70]
06-05 07:16:02.160  1319  2003 I am_cpu  : [13627,0,iptables-restor,8571,0,10]
06-05 07:16:02.160  1319  2003 I am_cpu  : [13691,10095,ndroid.calendar,8557,2450,950]
06-05 07:16:02.161  1319  2003 I am_cpu  : [13757,10055,ding:background,8557,320,40]
06-05 07:16:02.161  1319  2003 I am_cpu  : [13830,10080,ogle.android.gm,8555,750,330]
06-05 07:16:02.161  1319  2003 I am_cpu  : [13979,0,kworker/0:0H-kverityd,0,0,0]
06-05 07:16:02.161  1319  2003 I am_cpu  : [13980,0,kworker/3:15H-kverityd,0,0,0]
06-05 07:16:02.161  1319  2003 I am_cpu  : [13981,0,kworker/3:16H-kblockd,0,0,0]
06-05 07:16:02.161  1319  2003 I am_cpu  : [13982,0,kworker/3:17H-kverityd,0,0,0]
06-05 07:16:02.161  1319  2003 I am_cpu  : [13983,0,kworker/3:18H,0,0,0]
06-05 07:16:02.161  1319  2003 I am_cpu  : [13984,0,kworker/3:19H,0,0,0]
06-05 07:16:02.299  1319  1985 I commit_sys_config_file: [batterystats,9]
06-05 07:16:02.312  1319  1985 I commit_sys_config_file: [batterystats,6]
06-05 07:16:04.078  1319  1985 I commit_sys_config_file: [display-state,12]
06-05 07:17:00.624  1319  2236 I am_uid_active: 10107
06-05 07:17:00.630  1319  2072 I am_unfreeze: [5574,com.fitbit.FitbitMobile,6]
06-05 07:17:01.071  1319  2070 I commit_sys_config_file: [settings-1-0,6]
06-05 07:17:03.085  1319  1985 I commit_sys_config_file: [display-state,15]
06-05 07:18:01.990  1319  2070 I commit_sys_config_file: [settings-1-0,18]
06-05 07:18:03.112  1319  1319 I wifi_session: [1,690780]
06-05 07:18:03.167  1319  2130 I netstats_mobile_sample: [333355,212740,871,1021,332551,210012,859,986,1780658278666]
06-05 07:18:03.169  1319  2130 I netstats_wifi_sample: [418174684,135139443,376567,249921,419363199,133823853,377851,241915,1780658278666]
06-05 07:18:03.375  7228 13685 I gtalk_conn_close: [1793,688]
06-05 07:18:03.752  1319  2072 I am_freeze: [5574,com.fitbit.FitbitMobile]
06-05 07:18:04.037  1319  2130 I netstats_mobile_sample: [333355,212740,871,1021,332551,210012,859,986,1780658279535]
06-05 07:18:04.042  1319  2130 I netstats_wifi_sample: [418174684,135139443,376567,249921,419363199,133823853,377851,241915,1780658279535]
06-05 07:18:04.107  1319  1985 I commit_sys_config_file: [display-state,47]
06-05 07:18:04.114  1319  2130 I netstats_mobile_sample: [333355,212740,871,1021,332551,210012,859,986,1780658279615]
06-05 07:18:04.116  1319  2130 I netstats_wifi_sample: [418174684,135139443,376567,249921,419363199,133823853,377851,241915,1780658279615]
06-05 07:18:04.128  1319  2072 I am_compact: [5574,com.fitbit.FitbitMobile,ANON,114884,78360,36316,46260,-35840,-10752,-25088,25216,374,FULL,53972087,900,16,345332,-2136]
06-05 07:18:04.141  1319  2072 I am_freeze: [12646,com.android.vending]
06-05 07:18:04.152  1319  2072 I am_unfreeze: [12646,com.android.vending,18]
06-05 07:18:04.613  1319  2070 I commit_sys_config_file: [settings-2-0,7]
06-05 07:18:05.561  1319  2072 I am_freeze: [13691,com.google.android.calendar]
06-05 07:18:05.715  1319  2072 I am_compact: [13691,com.google.android.calendar,ANON,98332,74936,22940,56528,-16896,-7936,-8960,8960,153,SOME,0,905,19,345164,-2460]
06-05 07:18:05.716  1319  2072 I am_unfreeze: [5574,com.fitbit.FitbitMobile,6]
06-05 07:18:05.862  7228 13289 I c2dm    : [-2,,1,1]
06-05 07:18:06.149  7228 13289 I gtalk_heartbeat_reset: [459592,172.253.139.188:5228]
06-05 07:18:06.153  7228 13289 I gtalk_connection: 0
06-05 07:18:06.670  1319  2072 I am_unfreeze: [5245,com.google.android.gms,10]
06-05 07:18:07.061  1319  2072 I am_freeze: [13830,com.google.android.gm]
06-05 07:18:07.185  1319  2072 I am_compact: [13830,com.google.android.gm,ANON,69008,46456,22296,31800,-12928,-4224,-8704,8576,123,SOME,0,905,19,338192,-2376]
06-05 07:19:02.126  1319  2070 I commit_sys_config_file: [settings-1-0,6]
06-05 07:19:02.488  1319  2072 I am_freeze: [12646,com.android.vending]
06-05 07:19:02.621  1319  2072 I am_compact: [12646,com.android.vending,ANON,88012,68068,19768,43952,-22016,-13952,-8064,8192,131,FULL,53694791,905,19,340576,-3008]
06-05 07:19:03.997  1319  2072 I am_freeze: [5574,com.fitbit.FitbitMobile]
06-05 07:19:04.219  1319  1985 I commit_sys_config_file: [display-state,22]
06-05 07:20:01.519  1319  1319 I dvm_lock_sample: [system_server,0,main,25,go/retraceme e692cb518c4bef8aad1a205a9c960701d0ecc17ba319870202754d67697c4948,49,void com.android.server.alarm.AlarmManagerService$DeliveryTracker.alarmComplete(android.os.IBinder),-,695,void com.android.server.alarm.AlarmManagerService$AlarmThread.run(),5]
06-05 07:20:01.571  1319  2072 I am_unfreeze: [5574,com.fitbit.FitbitMobile,6]
06-05 07:20:02.079  1319  2070 I commit_sys_config_file: [settings-1-0,5]
06-05 07:20:04.357  1319  1985 I commit_sys_config_file: [display-state,20]
06-05 07:21:00.575  1319  2070 I commit_sys_config_file: [settings-1-0,12]
06-05 07:21:02.671  1319  1985 I commit_sys_config_file: [display-state,20]
06-05 07:21:31.636  1319  2072 I am_freeze: [5574,com.fitbit.FitbitMobile]
06-05 07:22:01.466  1319  2072 I am_compact: [5574,com.fitbit.FitbitMobile,ANON,112308,77720,34380,47060,-33664,-10368,-23296,23296,460,FULL,54008496,900,16,343632,-9752]
06-05 07:22:01.999  1319  2070 I commit_sys_config_file: [settings-1-0,46]
06-05 07:22:56.407  1319  1985 I commit_sys_config_file: [display-state,39]
06-05 07:22:56.466  1319  2072 I am_unfreeze: [5574,com.fitbit.FitbitMobile,6]
06-05 07:23:04.103  1319  1985 I commit_sys_config_file: [display-state,20]
06-05 07:24:03.272  1319  1985 I commit_sys_config_file: [display-state,18]
06-05 07:24:27.289  1319  1319 I screen_toggled: 1
06-05 07:24:27.295  1319  2010 I sysui_multi_action: [757,1696,758,6,759,3]
06-05 07:24:27.301  1319  2082 I input_interaction: Interaction with: 3b344d3 com.google.android.wearable.sysui/com.google.android.wearable.sysui.mainui.activity.SysUiActivity, 6f96823 com.google.android.wearable.watchface.bbb.BBBWatchFaceService, [Gesture Monitor] edge-swipe, PointerEventDispatcher0, 
06-05 07:24:27.310  1319  1319 I power_screen_broadcast_send: 1
06-05 07:24:27.370  1319  1319 I device_idle: [0,screen]
06-05 07:24:27.371  1319  1319 I device_idle_light: [0,screen]
06-05 07:24:27.373  1319  2060 I device_idle_off_start: screen
06-05 07:24:27.374  1319  2060 I device_idle_off_phase: power
06-05 07:24:27.397  1319  2060 I device_idle_off_phase: net
06-05 07:24:27.408  1319  2060 I device_idle_off_complete: 
06-05 07:24:27.500  1319  1985 I commit_sys_config_file: [display-state,38]
06-05 07:24:27.502  1319  1586 I sysui_multi_action: [757,223,758,2]
06-05 07:24:27.502  1319  1586 I sysui_multi_action: [757,804,799,dozing_minutes,801,41,802,1]
06-05 07:24:27.589  1319  2070 I commit_sys_config_file: [settings-1-0,8]
06-05 07:24:27.601  1319  1319 I sysui_multi_action: [757,198,758,1,759,1,1359,346,1694,7]
06-05 07:24:27.601  1319  1319 I power_screen_state: [1,0,0,0,346]
06-05 07:24:27.645  1319  3582 I dvm_lock_sample: [system_server,1,binder:1319_17,21,go/retraceme e692cb518c4bef8aad1a205a9c960701d0ecc17ba319870202754d67697c4948,10,void com.android.server.am.BroadcastController.unregisterReceiverTraced(android.content.IIntentReceiver),-,19,android.content.ComponentName com.android.server.am.ActivityManagerService.startService(android.app.IApplicationThread, android.content.Intent, java.lang.String, boolean, java.lang.String, java.lang.String, int, boolean, int, java.lang.String, java.lang.String),4]
06-05 07:24:27.886  1319  2070 I commit_sys_config_file: [settings-1-0,50]
06-05 07:24:27.951  1319  1586 I power_screen_broadcast_done: [1,640,1]
06-05 07:24:28.129  1319  2072 I am_unfreeze: [13830,com.google.android.gm,3]
06-05 07:24:28.152  1319  2070 I commit_sys_config_file: [settings-1-0,14]
06-05 07:24:28.306  7228  7243 I dvm_lock_sample: [com.google.android.gms.persisten,1,GoogleApiHandler,8,:com.google.android.gms@262230081@26.22.30 (240300-921289011),15,com.google.android.gms.common.ConnectionResult amwz.d(amwy, android.content.ServiceConnection, java.lang.String, java.util.concurrent.Executor),-,106,com.google.android.gms.common.ConnectionResult amwz.d(amwy, android.content.ServiceConnection, java.lang.String, java.util.concurrent.Executor),1]
06-05 07:24:28.346  1319  2070 I commit_sys_config_file: [settings-1-0,5]
06-05 07:24:30.825  1319  2072 I am_unfreeze: [10737,com.google.android.apps.work.clouddpc,6]
06-05 07:24:32.328  1319  2072 I am_compact: [13691,com.google.android.calendar,ANON,62748,48952,13340,66000,0,0,0,0,23,FULL,54010084,905,19,315584,0]
06-05 07:24:32.349  1319  2072 I am_compact: [13757,com.android.vending:background,ANON,52380,38980,13016,44320,0,0,0,0,18,FULL,53995221,925,19,315584,0]
06-05 07:24:33.598  1319  1986 I am_uid_idle: 10185
06-05 07:24:33.599  1319  1986 I am_uid_idle: 10095
06-05 07:24:33.599  1319  1986 I am_uid_idle: 10080
06-05 07:24:33.610  1319  2072 I am_freeze: [5574,com.fitbit.FitbitMobile]
06-05 07:24:33.961  1319  2072 I am_compact: [5574,com.fitbit.FitbitMobile,ANON,130800,92440,38108,44672,-45952,-18816,-27136,27136,349,FULL,54025662,900,16,315584,-9868]
06-05 07:24:34.870  1319  2108 I netstats_mobile_sample: [333355,212740,871,1021,332551,210012,859,986,1780658670370]
06-05 07:24:34.871  1319  2108 I netstats_wifi_sample: [418174684,135139443,376567,249921,419363199,133823853,377851,241915,1780658670370]
06-05 07:24:36.042  1319  2072 I am_freeze: [10737,com.google.android.apps.work.clouddpc]
06-05 07:24:42.122  1319  2010 I power_sleep_requested: 0
06-05 07:24:42.138  1319  1586 I dvm_lock_sample: [system_server,1,android.fg,8,go/retraceme e692cb518c4bef8aad1a205a9c960701d0ecc17ba319870202754d67697c4948,22,int com.android.server.am.ActivityManagerService.broadcastIntentWithFeature(android.app.IApplicationThread, java.lang.String, android.content.Intent, java.lang.String, android.content.IIntentReceiver, int, java.lang.String, android.os.Bundle, java.lang.String[], java.lang.String[], java.lang.String[], int, android.os.Bundle, boolean, boolean, int),-,67,void com.android.server.am.ActivityManagerService$LocalService.onWakefulnessChanged(int),1]
06-05 07:24:42.140  1319  1586 I sysui_multi_action: [757,223,758,1]
06-05 07:24:42.178  1319  2010 I sysui_multi_action: [757,1696,758,6,759,1]
06-05 07:24:42.179  1319  1319 I screen_toggled: 0
06-05 07:24:42.179  1319  1319 I sysui_multi_action: [757,804,799,screen_timeout,801,15,802,1]
06-05 07:24:42.180  1319  1319 I sysui_multi_action: [757,1594,758,4,759,-2147483648,1359,14579]
06-05 07:24:42.180  1319  1319 I sysui_multi_action: [757,198,758,2,759,3,1359,61,1695,2]
06-05 07:24:42.180  1319  1319 I power_screen_state: [0,3,0,0,61]
06-05 07:24:42.181  1319  1319 I power_screen_broadcast_send: 1
06-05 07:24:42.250  1319  1319 I device_idle: [1,no activity]
06-05 07:24:42.259  1319  1319 I device_idle_light: [1,no activity]
06-05 07:24:42.338  1319  1586 I power_screen_broadcast_done: [0,155,1]
06-05 07:24:42.386  1319  2070 I commit_sys_config_file: [settings-1-0,6]
06-05 07:24:42.526  1319  1985 I commit_sys_config_file: [display-state,20]
06-05 07:24:44.072  1319  2070 I commit_sys_config_file: [settings-1-0,3]
06-05 07:24:44.457  1319  2070 I commit_sys_config_file: [settings-1-0,16]
06-05 07:24:45.024  1319  2070 I commit_sys_config_file: [settings-1-0,15]
06-05 07:24:45.215  1319  1985 I commit_sys_config_file: [display-state,14]
06-05 07:24:45.289  1319  2013 I dvm_lock_sample: [system_server,0,DisplayOffloadBgThread,68,go/retraceme 89603491740b48bbc0e4e3d83afb599b536dc4311d9567e5069d9647d9214d1d,16,void com.android.clockwork.displayoffload.DisplayOffloadService$6.onDisplayChanged(int),-,7,void com.android.clockwork.displayoffload.DisplayControlManager.updateOffloadState(int),13]
06-05 07:24:54.362  1319  2072 I am_freeze: [5245,com.google.android.gms]
06-05 07:24:54.440  1319  2072 I am_compact: [5245,com.google.android.gms,ANON,66612,53056,13244,58400,-4736,-512,-4224,4480,78,FULL,53953172,905,19,326332,-1956]
06-05 07:25:01.401  1319  2330 I battery_level: [82,4191,270]
06-05 07:25:01.483  1319  2072 I am_unfreeze: [13691,com.google.android.calendar,3]
06-05 07:25:01.489  1319  1986 I am_uid_active: 10095
06-05 07:25:01.535  1319  1997 I am_cpu  : [1,0,init,53814,60,70]
06-05 07:25:01.535  1319  1997 I am_cpu  : [16,0,rcu_preempt,53813,0,40]
06-05 07:25:01.535  1319  1997 I am_cpu  : [17,0,rcuog/0,53814,0,30]
06-05 07:25:01.535  1319  1997 I am_cpu  : [18,0,rcuop/0,62550,0,40]
06-05 07:25:01.535  1319  1997 I am_cpu  : [28,0,ksoftirqd/1,206410,0,10]
06-05 07:25:01.535  1319  1997 I am_cpu  : [31,0,rcuop/1,62542,0,30]
06-05 07:25:01.535  1319  1997 I am_cpu  : [38,0,rcuog/2,53814,0,20]
06-05 07:25:01.535  1319  1997 I am_cpu  : [39,0,rcuop/2,53814,0,30]
06-05 07:25:01.535  1319  1997 I am_cpu  : [43,0,ksoftirqd/3,53814,0,60]
06-05 07:25:01.536  1319  1997 I am_cpu  : [46,0,rcuop/3,62542,0,30]
06-05 07:25:01.536  1319  1997 I am_cpu  : [49,0,khungtaskd,606449,0,10]
06-05 07:25:01.536  1319  1997 I am_cpu  : [52,0,kcompactd0,187056,0,80]
06-05 07:25:01.536  1319  1997 I am_cpu  : [62,0,kswapd0,53814,0,2020]
06-05 07:25:01.536  1319  1997 I am_cpu  : [92,0,glink-rpm_requests,53814,0,680]
06-05 07:25:01.536  1319  1997 I am_cpu  : [127,0,irq/102-4744000.sdhci,62542,0,10]
06-05 07:25:01.536  1319  1997 I am_cpu  : [128,0,kgsl-events,62542,0,40]
06-05 07:25:01.536  1319  1997 I am_cpu  : [137,0,kgsl_dispatcher,53815,0,80]
06-05 07:25:01.536  1319  1997 I am_cpu  : [138,0,crtc_commit:87,53814,0,400]
06-05 07:25:01.536  1319  1997 I am_cpu  : [139,0,crtc_event:87,53814,0,130]
06-05 07:25:01.536  1319  1997 I am_cpu  : [146,0,qseecom-unload-ta,126593,0,10]
06-05 07:25:01.536  1319  1997 I am_cpu  : [215,0,init,126593,0,10]
06-05 07:25:01.536  1319  1997 I am_cpu  : [216,0,ueventd,53814,70,10]
06-05 07:25:01.536  1319  1997 I am_cpu  : [328,1013,audioadsprpcd,62516,0,10]
06-05 07:25:01.536  1319  1997 I am_cpu  : [329,1036,logd,53814,410,1160]
06-05 07:25:01.536  1319  1997 I am_cpu  : [330,1069,lmkd,53814,10,50]
06-05 07:25:01.536  1319  1997 I am_cpu  : [331,1000,servicemanager,53815,90,10]
06-05 07:25:01.536  1319  1997 I am_cpu  : [332,1000,vndservicemanag,126594,0,10]
06-05 07:25:01.536  1319  1997 I am_cpu  : [338,1000,qseecomd,62516,0,20]
06-05 07:25:01.536  1319  1997 I am_cpu  : [340,1000,android.hardwar,62516,0,190]
06-05 07:25:01.536  1319  1997 I am_cpu  : [355,0,binder:355_2,62515,10,20]
06-05 07:25:01.536  1319  1997 I am_cpu  : [391,0,irq/125-4520300.qcom,bwmon-ddr,53813,0,400]
06-05 07:25:01.536  1319  1997 I am_cpu  : [413,0,autobahn_proxy,53812,0,2850]
06-05 07:25:01.536  1319  1997 I am_cpu  : [414,0,autobahn_mac_initiator,53812,0,8560]
06-05 07:25:01.536  1319  1997 I am_cpu  : [425,1000,pixelstats-vend,53812,10,50]
06-05 07:25:01.536  1319  1997 I am_cpu  : [426,0,wdcd,62501,0,20]
06-05 07:25:01.536  1319  1997 I am_cpu  : [430,1000,android.system.,53813,210,2130]
06-05 07:25:01.536  1319  1997 I am_cpu  : [431,1017,binder:431_2,62502,20,20]
06-05 07:25:01.536  1319  1997 I am_cpu  : [517,0,f2fs_ckpt-254:57,53812,0,40]
06-05 07:25:01.536  1319  1997 I am_cpu  : [526,0,android.hardwar,53812,20,50]
06-05 07:25:01.536  1319  1997 I am_cpu  : [531,1000,surfaceflinger,53812,2030,1610]
06-05 07:25:01.536  1319  1997 I am_cpu  : [539,1000,binder:539_2,53812,830,1100]
06-05 07:25:01.536  1319  1997 I am_cpu  : [707,1000,time_daemon,62468,0,10]
06-05 07:25:01.537  1319  1997 I am_cpu  : [710,0,binder:710_2,53812,480,470]
06-05 07:25:01.537  1319  1997 I am_cpu  : [739,0,binder:739_3,53812,60,180]
06-05 07:25:01.537  1319  1997 I am_cpu  : [741,1066,binder:741_3,53812,330,180]
06-05 07:25:01.537  1319  1997 I am_cpu  : [742,0,main,62469,0,10]
06-05 07:25:01.537  1319  1997 I am_cpu  : [853,0,hwrng,397369,0,10]
06-05 07:25:01.537  1319  1997 I am_cpu  : [889,1000,ssgtzd,62460,0,10]
06-05 07:25:01.537  1319  1997 I am_cpu  : [890,1000,diag-router,53811,20,60]
06-05 07:25:01.537  1319  1997 I am_cpu  : [892,1002,binder:892_2,53812,240,360]
06-05 07:25:01.537  1319  1997 I am_cpu  : [897,1080,android.hardwar,62457,10,40]
06-05 07:25:01.537  1319  1997 I am_cpu  : [908,1021,binder:908_2,53811,0,20]
06-05 07:25:01.537  1319  1997 I am_cpu  : [909,1000,android.hardwar,62457,10,20]
06-05 07:25:01.537  1319  1997 I am_cpu  : [911,1000,android.hardwar,53811,130,230]
06-05 07:25:01.537  1319  1997 I am_cpu  : [912,1000,android.hardwar,53812,10,20]
06-05 07:25:01.537  1319  1997 I am_cpu  : [913,1000,android.hardwar,53812,0,10]
06-05 07:25:01.537  1319  1997 I am_cpu  : [933,1001,vendor.google.r,53813,0,20]
06-05 07:25:01.537  1319  1997 I am_cpu  : [949,1000,binder:949_2,53813,80,150]
06-05 07:25:01.537  1319  1997 I am_cpu  : [1066,0,qbg-governor,7193815,0,10]
06-05 07:25:01.537  1319  1997 I am_cpu  : [1103,1000,subsystem_ramdu,62437,0,10]
06-05 07:25:01.537  1319  1997 I am_cpu  : [1204,9999,traced,53815,0,10]
06-05 07:25:01.537  1319  1997 I am_cpu  : [1278,0,storaged,206419,0,10]
06-05 07:25:01.537  1319  1997 I am_cpu  : [1281,0,sysproxyd,53817,10,20]
06-05 07:25:01.537  1319  1997 I am_cpu  : [1282,1010,wificond,62423,0,10]
06-05 07:25:01.537  1319  1997 I am_cpu  : [1286,1000,binder:1286_4,62424,0,20]
06-05 07:25:01.537  1319  1997 I am_cpu  : [1287,1001,binder:1287_2,62422,0,20]
06-05 07:25:01.537  1319  1997 I am_cpu  : [1292,1001,binder:1292_2,53835,10,120]
06-05 07:25:01.537  1319  1997 I am_cpu  : [1300,1001,port-bridge,62439,0,10]
06-05 07:25:01.537  1319  1997 I am_cpu  : [1310,1001,binder:1310_2,53834,10,20]
06-05 07:25:01.537  1319  1997 I am_cpu  : [1315,1000,adsprpcd,62446,0,10]
06-05 07:25:01.537  1319  1997 I am_cpu  : [1319,1000,system_server,53843,4570,4710]
06-05 07:25:01.537  1319  1997 I am_cpu  : [1368,1021,xtra-daemon,62444,0,20]
06-05 07:25:01.537  1319  1997 I am_cpu  : [1376,1080,chre,53847,140,110]
06-05 07:25:01.537  1319  1997 I am_cpu  : [1390,1001,main,53847,10,60]
06-05 07:25:01.537  1319  1997 I am_cpu  : [1410,1000,binder:1410_2,53847,610,2000]
06-05 07:25:01.537  1319  1997 I am_cpu  : [1564,1036,logcat,53847,280,370]
06-05 07:25:01.537  1319  1997 I am_cpu  : [1577,1000,hvdcp_opti,53846,10,30]
06-05 07:25:01.538  1319  1997 I am_cpu  : [1585,1000,android.hardwar,53848,10,80]
06-05 07:25:01.538  1319  1997 I am_cpu  : [1868,1000,android.hardwar,53848,70,130]
06-05 07:25:01.538  1319  1997 I am_cpu  : [1992,0,psimon,62441,0,20]
06-05 07:25:01.538  1319  1997 I am_cpu  : [2215,1010,binder:2215_2,53848,0,10]
06-05 07:25:01.538  1319  1997 I am_cpu  : [2250,1000,e.wear.services,53848,690,200]
06-05 07:25:01.538  1319  1997 I am_cpu  : [2309,10124,e.watchface.rwf,53848,10470,1910]
06-05 07:25:01.538  1319  1997 I am_cpu  : [2339,1073,rkstack.process,53847,90,170]
06-05 07:25:01.538  1319  1997 I am_cpu  : [2355,1002,droid.bluetooth,53848,310,340]
06-05 07:25:01.538  1319  1997 I am_cpu  : [2375,10149,elsystemservice,62429,0,10]
06-05 07:25:01.538  1319  1997 I am_cpu  : [2421,10153,oid.grilservice,53851,0,30]
06-05 07:25:01.538  1319  1997 I am_cpu  : [2424,10148,.codeaurora.ims,62432,10,10]
06-05 07:25:01.538  1319  1997 I am_cpu  : [2436,10147,talkey.timesync,126641,0,10]
06-05 07:25:01.538  1319  1997 I am_cpu  : [2462,1068,com.android.se,62431,0,10]
06-05 07:25:01.538  1319  1997 I am_cpu  : [2508,1001,.dataservices,62431,0,20]
06-05 07:25:01.538  1319  1997 I am_cpu  : [2521,1027,gle.android.nfc,62430,0,30]
06-05 07:25:01.538  1319  1997 I am_cpu  : [2522,10098,qtidataservices,53852,0,30]
06-05 07:25:01.538  1319  1997 I am_cpu  : [2540,1001,m.android.phone,53852,1370,350]
06-05 07:25:01.538  1319  1997 I am_cpu  : [2810,0,msm_irqbalance,53854,0,50]
06-05 07:25:01.538  1319  1997 I am_cpu  : [2824,0,adsp_wdog,62431,0,10]
06-05 07:25:01.538  1319  1997 I am_cpu  : [2838,0,thermal-engine-,53853,30,110]
06-05 07:25:01.538  1319  1997 I am_cpu  : [2970,10116,roid.apps.scone,53853,60,170]
06-05 07:25:01.538  1319  1997 I am_cpu  : [3095,10056,.healthservices,53854,1770,400]
06-05 07:25:01.538  1319  1997 I am_cpu  : [3239,10058,roid.euicc.wear,53854,0,10]
06-05 07:25:01.538  1319  1997 I am_cpu  : [3336,10164,rs.media.module,53854,0,20]
06-05 07:25:01.538  1319  1997 I am_cpu  : [3410,10151,s.zprovidertest,126644,10,0]
06-05 07:25:01.538  1319  1997 I am_cpu  : [3447,1000,RestartDetector,62432,0,10]
06-05 07:25:01.538  1319  1997 I am_cpu  : [3451,10159,oid.pixellogger,62431,0,10]
06-05 07:25:01.538  1319  1997 I am_cpu  : [3568,1041,audioserver,53855,50,20]
06-05 07:25:01.538  1319  1997 I am_cpu  : [3569,1041,binder:3569_2,53855,10,40]
06-05 07:25:01.538  1319  1997 I am_cpu  : [4272,10057,putmethod.latin,53856,70,120]
06-05 07:25:01.538  1319  1997 I am_cpu  : [4536,10155,arable.systemui,53856,160,120]
06-05 07:25:01.538  1319  1997 I am_cpu  : [4623,10064,id.wearable.app,53856,70,100]
06-05 07:25:01.538  1319  1997 I am_cpu  : [4661,10066,.wearable.sysui,53856,140,260]
06-05 07:25:01.538  1319  1997 I am_cpu  : [4816,0,kworker/3:4,266614,0,10]
06-05 07:25:01.538  1319  1997 I am_cpu  : [5245,10132,gle.android.gms,53856,20,70]
06-05 07:25:01.539  1319  1997 I am_cpu  : [5574,10107,it.FitbitMobile,62431,4630,1620]
06-05 07:25:01.539  1319  1997 I am_cpu  : [6471,10112,able.pixel.pdms,62431,10,40]
06-05 07:25:01.539  1319  1997 I am_cpu  : [7034,10133,com.qti.phone,62431,0,20]
06-05 07:25:01.539  1319  1997 I am_cpu  : [7086,10073,id.ext.services,62431,0,10]
06-05 07:25:01.539  1319  1997 I am_cpu  : [7191,10067,rable.assistant,53857,90,170]
06-05 07:25:01.539  1319  1997 I am_cpu  : [7228,10132,.gms.persistent,53858,3200,1160]
06-05 07:25:01.539  1319  1997 I am_cpu  : [8169,0,kworker/u8:0-memlat_wq,62431,0,30]
06-05 07:25:01.539  1319  1997 I am_cpu  : [8192,0,kworker/u8:1-memlat_wq,53857,0,80]
06-05 07:25:01.539  1319  1997 I am_cpu  : [8534,0,kworker/u8:2-memlat_wq,62432,0,20]
06-05 07:25:01.539  1319  1997 I am_cpu  : [8751,0,kworker/3:0H-kverityd,53856,0,20]
06-05 07:25:01.539  1319  1997 I am_cpu  : [8774,0,kworker/3:1H-kverityd,53856,0,70]
06-05 07:25:01.539  1319  1997 I am_cpu  : [8776,0,kworker/3:3H-kverityd,285971,0,10]
06-05 07:25:01.539  1319  1997 I am_cpu  : [8837,0,kworker/3:5H-kverityd,266614,0,40]
06-05 07:25:01.539  1319  1997 I am_cpu  : [8943,0,kworker/u8:3-events_unbound,62432,0,80]
06-05 07:25:01.539  1319  1997 I am_cpu  : [8944,0,kworker/u8:4-events_unbound,53857,0,30]
06-05 07:25:01.539  1319  1997 I am_cpu  : [8945,0,kworker/u8:5-events_unbound,53857,0,20]
06-05 07:25:01.539  1319  1997 I am_cpu  : [8946,0,kworker/u8:6-events_unbound,53857,0,440]
06-05 07:25:01.539  1319  1997 I am_cpu  : [8949,0,kworker/u8:9-events_unbound,53857,0,90]
06-05 07:25:01.539  1319  1997 I am_cpu  : [8950,0,kworker/u8:10-events_unbound,53859,0,190]
06-05 07:25:01.539  1319  1997 I am_cpu  : [8951,0,kworker/u8:11-events_unbound,53860,0,70]
06-05 07:25:01.539  1319  1997 I am_cpu  : [8952,0,kworker/u8:12-events_unbound,53860,0,40]
06-05 07:25:01.539  1319  1997 I am_cpu  : [8953,0,kworker/u8:13-events_unbound,53860,0,170]
06-05 07:25:01.539  1319  1997 I am_cpu  : [8954,0,kworker/u8:14-events_unbound,62435,0,40]
06-05 07:25:01.539  1319  1997 I am_cpu  : [8955,0,kworker/u8:15-events_unbound,53859,0,90]
06-05 07:25:01.539  1319  1997 I am_cpu  : [8956,0,kworker/u8:16-events_unbound,53859,0,80]
06-05 07:25:01.539  1319  1997 I am_cpu  : [8957,0,kworker/u8:17-events_unbound,53859,0,160]
06-05 07:25:01.539  1319  1997 I am_cpu  : [8959,0,kworker/u8:19-events_unbound,53859,0,30]
06-05 07:25:01.539  1319  1997 I am_cpu  : [8960,0,kworker/u8:20-events_unbound,53859,0,30]
06-05 07:25:01.539  1319  1997 I am_cpu  : [8990,0,kworker/u8:24-events_unbound,53859,0,620]
06-05 07:25:01.539  1319  1997 I am_cpu  : [9710,10152,ectivitymonitor,53859,0,10]
06-05 07:25:01.539  1319  1997 I am_cpu  : [9742,0,kworker/1:15H-kverityd,53859,0,50]
06-05 07:25:01.539  1319  1997 I am_cpu  : [10737,10089,s.work.clouddpc,285974,70,80]
06-05 07:25:01.539  1319  1997 I am_cpu  : [11114,0,kworker/0:9H-kverityd,53859,0,40]
06-05 07:25:01.539  1319  1997 I am_cpu  : [11559,1020,mdnsd,62434,0,10]
06-05 07:25:01.540  1319  1997 I am_cpu  : [11627,10062,.media.sessions,53859,170,70]
06-05 07:25:01.540  1319  1997 I am_cpu  : [11701,0,kworker/3:8H-kverityd,53859,0,10]
06-05 07:25:01.540  1319  1997 I am_cpu  : [11703,0,kworker/3:11H-kverityd,53859,0,10]
06-05 07:25:01.540  1319  1997 I am_cpu  : [11814,0,kworker/3:12H-kverityd,62435,0,10]
06-05 07:25:01.540  1319  1997 I am_cpu  : [11972,0,kworker/u8:22-events_unbound,53860,0,80]
06-05 07:25:01.540  1319  1997 I am_cpu  : [12324,0,kworker/1:2-pm,53859,0,20]
06-05 07:25:01.540  1319  1997 I am_cpu  : [12356,0,kworker/2:2,53859,0,50]
06-05 07:25:01.540  1319  1997 I am_cpu  : [12646,10055,android.vending,53859,30,90]
06-05 07:25:01.540  1319  1997 I am_cpu  : [12841,0,kworker/0:2-events,62435,0,80]
06-05 07:25:01.540  1319  1997 I am_cpu  : [13148,0,kworker/3:7H-kverityd,62434,0,30]
06-05 07:25:01.540  1319  1997 I am_cpu  : [13177,0,kworker/u8:8-events_unbound,53860,0,90]
06-05 07:25:01.540  1319  1997 I am_cpu  : [13343,0,kworker/2:6H-kverityd,53860,0,40]
06-05 07:25:01.540  1319  1997 I am_cpu  : [13479,0,kworker/3:13H-kverityd,53860,0,10]
06-05 07:25:01.540  1319  1997 I am_cpu  : [13480,0,kworker/3:14H-kverityd,126649,0,30]
06-05 07:25:01.540  1319  1997 I am_cpu  : [13482,0,kworker/3:1-sdhci_msm_generic_swq,53860,0,140]
06-05 07:25:01.540  1319  1997 I am_cpu  : [13507,0,binder:13507_2,53860,20,140]
06-05 07:25:01.540  1319  1997 I am_cpu  : [13625,0,kworker/1:0,62435,0,20]
06-05 07:25:01.540  1319  1997 I am_cpu  : [13627,0,iptables-restor,53860,0,20]
06-05 07:25:01.540  1319  1997 I am_cpu  : [13628,0,ip6tables-resto,62431,0,30]
06-05 07:25:01.540  1319  1997 I am_cpu  : [13691,10095,ndroid.calendar,53860,30,40]
06-05 07:25:01.540  1319  1997 I am_cpu  : [13830,10080,ogle.android.gm,53860,710,410]
06-05 07:25:01.540  1319  1997 I am_cpu  : [13980,0,kworker/3:15H-kverityd,53859,0,20]
06-05 07:25:01.540  1319  1997 I am_cpu  : [13983,0,kworker/3:18H,53859,0,30]
06-05 07:25:01.540  1319  1997 I am_cpu  : [13984,0,kworker/3:19H,53858,0,10]
06-05 07:25:01.540  1319  1997 I am_cpu  : [14093,0,kworker/0:1,0,0,0]
06-05 07:25:01.540  1319  1997 I am_cpu  : [16772,10050,gle.android.tts,62415,10,20]
06-05 07:25:01.540  1319  1997 I am_cpu  : [17353,0,kworker/u8:23-events_unbound,62414,0,360]
06-05 07:25:01.540  1319  1997 I am_cpu  : [22608,0,kworker/u8:21-events_unbound,62414,0,70]
06-05 07:25:01.540  1319  1997 I am_cpu  : [31232,2000,diag_mdlog,62415,20,10]
06-05 07:25:02.016  1319  2070 I commit_sys_config_file: [settings-1-0,12]
06-05 07:25:02.286  1319  1319 I notification_enqueue: [10095,13691,com.google.android.calendar,1331817935,V2AEventKey|108637477974399451867|pg@fivesevenfive.org|76d00l2k7vu4q6ao9sq1m0pgnc-1-1,0,Notification(channel=REMINDERS shortcut=null contentView=null vibrate=null sound=null tick defaults=0 flags=ONLY_ALERT_ONCE|AUTO_CANCEL color=0xffb3c5ff category=event vis=PRIVATE),0,1]
06-05 07:25:02.499  1319  1319 I sysui_multi_action: [757,1501,758,1,793,215,794,0,795,215,796,1331817935,797,V2AEventKey|108637477974399451867|pg@fivesevenfive.org|76d00l2k7vu4q6ao9sq1m0pgnc-1-1,806,com.google.android.calendar,857,REMINDERS,858,4,947,0,1500,0,1641,event,1688,1,1745,2098068913]
06-05 07:25:02.499  1319  1319 I sysui_multi_action: [757,804,799,note_interruptive,801,0,802,1]
06-05 07:25:02.501  1319  1319 I sysui_multi_action: [757,199,758,1,759,256,793,217,794,0,795,217,796,1331817935,797,V2AEventKey|108637477974399451867|pg@fivesevenfive.org|76d00l2k7vu4q6ao9sq1m0pgnc-1-1,806,com.google.android.calendar,857,REMINDERS,858,4,947,0,1500,2,1641,event,1688,1,1745,2098068913]
06-05 07:25:02.501  1319  1319 I notification_alert: [0|com.google.android.calendar|1331817935|V2AEventKey|108637477974399451867|pg@fivesevenfive.org|76d00l2k7vu4q6ao9sq1m0pgnc-1-1|10095,0,0,0,0,256]
06-05 07:25:03.286  1319  2072 I am_freeze: [13830,com.google.android.gm]
06-05 07:25:03.449  1319  2072 I am_compact: [13830,com.google.android.gm,ANON,90500,66680,23564,32068,-26752,-15360,-11392,11392,162,FULL,54011539,925,19,319952,-4924]
06-05 07:25:03.955  1319  1985 I commit_sys_config_file: [display-state,15]
06-05 07:25:06.557  1319  1985 I commit_sys_config_file: [display-state,14]
06-05 07:26:40.313  1319  2072 I am_unfreeze: [5574,com.fitbit.FitbitMobile,6]
06-05 07:26:42.268  1319  2060 I device_idle_step: 
06-05 07:26:42.270  1319  2060 I device_idle: [2,s:alarm]
06-05 07:26:42.304  1319  2119 I netstats_mobile_sample: [333355,212740,871,1021,332551,210012,859,986,1780658797802]
06-05 07:26:42.305  1319  2119 I netstats_wifi_sample: [418174684,135139443,376567,249921,419363199,133823853,377851,241915,1780658797802]
06-05 07:26:49.137  1319  1986 I am_cpu  : [1,0,init,14172,10,10]
06-05 07:26:49.137  1319  1986 I am_cpu  : [16,0,rcu_preempt,14177,0,20]
06-05 07:26:49.137  1319  1986 I am_cpu  : [17,0,rcuog/0,14177,0,10]
06-05 07:26:49.137  1319  1986 I am_cpu  : [18,0,rcuop/0,14177,0,10]
06-05 07:26:49.137  1319  1986 I am_cpu  : [19,0,rcub/0,351094,0,10]
06-05 07:26:49.138  1319  1986 I am_cpu  : [20,0,rcu_exp_gp_kthread_worker,76727,0,10]
06-05 07:26:49.138  1319  1986 I am_cpu  : [31,0,rcuop/1,14176,0,10]
06-05 07:26:49.138  1319  1986 I am_cpu  : [38,0,rcuog/2,14176,0,10]
06-05 07:26:49.138  1319  1986 I am_cpu  : [39,0,rcuop/2,14176,0,10]
06-05 07:26:49.138  1319  1986 I am_cpu  : [43,0,ksoftirqd/3,14177,0,20]
06-05 07:26:49.138  1319  1986 I am_cpu  : [46,0,rcuop/3,14176,0,10]
06-05 07:26:49.138  1319  1986 I am_cpu  : [62,0,kswapd0,14179,0,1120]
06-05 07:26:49.138  1319  1986 I am_cpu  : [92,0,glink-rpm_requests,14179,0,130]
06-05 07:26:49.138  1319  1986 I am_cpu  : [127,0,irq/102-4744000.sdhci,14180,0,10]
06-05 07:26:49.138  1319  1986 I am_cpu  : [137,0,kgsl_dispatcher,14180,0,10]
06-05 07:26:49.138  1319  1986 I am_cpu  : [138,0,crtc_commit:87,14180,0,30]
06-05 07:26:49.138  1319  1986 I am_cpu  : [139,0,crtc_event:87,14180,0,20]
06-05 07:26:49.138  1319  1986 I am_cpu  : [145,0,qseecom-unreg-lsnr,536393,0,10]
06-05 07:26:49.138  1319  1986 I am_cpu  : [216,0,ueventd,14181,10,0]
06-05 07:26:49.138  1319  1986 I am_cpu  : [329,1036,logd,14182,130,360]
06-05 07:26:49.138  1319  1986 I am_cpu  : [330,1069,lmkd,14182,0,10]
06-05 07:26:49.138  1319  1986 I am_cpu  : [331,1000,servicemanager,14181,10,0]
06-05 07:26:49.138  1319  1986 I am_cpu  : [340,1000,android.hardwar,14182,0,290]
06-05 07:26:49.139  1319  1986 I am_cpu  : [391,0,irq/125-4520300.qcom,bwmon-ddr,14183,0,80]
06-05 07:26:49.139  1319  1986 I am_cpu  : [413,0,autobahn_proxy,14183,0,620]
06-05 07:26:49.139  1319  1986 I am_cpu  : [414,0,autobahn_mac_initiator,14183,0,2060]
06-05 07:26:49.139  1319  1986 I am_cpu  : [430,1000,android.system.,14184,30,240]
06-05 07:26:49.139  1319  1986 I am_cpu  : [431,1017,binder:431_2,14184,20,40]
06-05 07:26:49.139  1319  1986 I am_cpu  : [517,0,f2fs_ckpt-254:57,14187,0,10]
06-05 07:26:49.139  1319  1986 I am_cpu  : [526,0,android.hardwar,14187,0,20]
06-05 07:26:49.139  1319  1986 I am_cpu  : [531,1000,surfaceflinger,14187,130,130]
06-05 07:26:49.139  1319  1986 I am_cpu  : [539,1000,binder:539_2,14187,40,60]
06-05 07:26:49.139  1319  1986 I am_cpu  : [710,0,binder:710_2,14188,160,100]
06-05 07:26:49.139  1319  1986 I am_cpu  : [739,0,binder:739_3,14189,10,30]
06-05 07:26:49.139  1319  1986 I am_cpu  : [741,1066,binder:741_3,14188,70,50]
06-05 07:26:49.139  1319  1986 I am_cpu  : [755,0,irq/152-cs40l26 IRQ1 Controller,220600,0,10]
06-05 07:26:49.139  1319  1986 I am_cpu  : [892,1002,binder:892_2,14189,200,300]
06-05 07:26:49.139  1319  1986 I am_cpu  : [909,1000,android.hardwar,14188,20,20]
06-05 07:26:49.139  1319  1986 I am_cpu  : [911,1000,android.hardwar,14189,10,30]
06-05 07:26:49.139  1319  1986 I am_cpu  : [949,1000,binder:949_2,14188,10,30]
06-05 07:26:49.139  1319  1986 I am_cpu  : [1211,1000,android.hardwar,220604,0,10]
06-05 07:26:49.139  1319  1986 I am_cpu  : [1281,0,sysproxyd,14186,0,10]
06-05 07:26:49.139  1319  1986 I am_cpu  : [1292,1001,binder:1292_2,14170,10,10]
06-05 07:26:49.140  1319  1986 I am_cpu  : [1319,1000,system_server,14163,890,880]
06-05 07:26:49.140  1319  1986 I am_cpu  : [1376,1080,chre,14159,10,20]
06-05 07:26:49.140  1319  1986 I am_cpu  : [1390,1001,main,14160,0,10]
06-05 07:26:49.140  1319  1986 I am_cpu  : [1410,1000,binder:1410_2,14159,200,430]
06-05 07:26:49.140  1319  1986 I am_cpu  : [1564,1036,logcat,14160,120,80]
06-05 07:26:49.140  1319  1986 I am_cpu  : [1868,1000,android.hardwar,14159,20,20]
06-05 07:26:49.140  1319  1986 I am_cpu  : [1992,0,psimon,14158,0,10]
06-05 07:26:49.140  1319  1986 I am_cpu  : [2250,1000,e.wear.services,14158,250,110]
06-05 07:26:49.140  1319  1986 I am_cpu  : [2309,10124,e.watchface.rwf,14158,1080,200]
06-05 07:26:49.140  1319  1986 I am_cpu  : [2339,1073,rkstack.process,14158,10,0]
06-05 07:26:49.140  1319  1986 I am_cpu  : [2355,1002,droid.bluetooth,14158,260,230]
06-05 07:26:49.140  1319  1986 I am_cpu  : [2398,2918,.cacertservice,68006,0,10]
06-05 07:26:49.140  1319  1986 I am_cpu  : [2522,10098,qtidataservices,14155,0,10]
06-05 07:26:49.140  1319  1986 I am_cpu  : [2540,1001,m.android.phone,14155,280,70]
06-05 07:26:49.140  1319  1986 I am_cpu  : [2810,0,msm_irqbalance,14154,10,10]
06-05 07:26:49.140  1319  1986 I am_cpu  : [2838,0,thermal-engine-,14155,0,10]
06-05 07:26:49.140  1319  1986 I am_cpu  : [2970,10116,roid.apps.scone,14155,150,40]
06-05 07:26:49.140  1319  1986 I am_cpu  : [3095,10056,.healthservices,14154,350,60]
06-05 07:26:49.140  1319  1986 I am_cpu  : [3568,1041,audioserver,14153,10,0]
06-05 07:26:49.140  1319  1986 I am_cpu  : [3569,1041,binder:3569_2,14153,10,0]
06-05 07:26:49.141  1319  1986 I am_cpu  : [3580,1000,ttings.provider,76584,0,10]
06-05 07:26:49.141  1319  1986 I am_cpu  : [4272,10057,putmethod.latin,14153,0,10]
06-05 07:26:49.141  1319  1986 I am_cpu  : [4536,10155,arable.systemui,14153,20,10]
06-05 07:26:49.141  1319  1986 I am_cpu  : [4623,10064,id.wearable.app,14153,0,10]
06-05 07:26:49.141  1319  1986 I am_cpu  : [4661,10066,.wearable.sysui,14153,170,150]
06-05 07:26:49.141  1319  1986 I am_cpu  : [5574,10107,it.FitbitMobile,14153,5020,1650]
06-05 07:26:49.141  1319  1986 I am_cpu  : [6471,10112,able.pixel.pdms,14153,0,10]
06-05 07:26:49.141  1319  1986 I am_cpu  : [7086,10073,id.ext.services,14153,0,30]
06-05 07:26:49.141  1319  1986 I am_cpu  : [7191,10067,rable.assistant,14153,10,70]
06-05 07:26:49.141  1319  1986 I am_cpu  : [7228,10132,.gms.persistent,14152,830,330]
06-05 07:26:49.141  1319  1986 I am_cpu  : [8169,0,kworker/u8:0-memlat_wq,14153,0,20]
06-05 07:26:49.141  1319  1986 I am_cpu  : [8944,0,kworker/u8:4-events_unbound,14153,0,40]
06-05 07:26:49.141  1319  1986 I am_cpu  : [8947,0,kworker/u8:7-events_unbound,140800,0,10]
06-05 07:26:49.141  1319  1986 I am_cpu  : [8949,0,kworker/u8:9-events_unbound,14153,0,60]
06-05 07:26:49.141  1319  1986 I am_cpu  : [8951,0,kworker/u8:11-events_unbound,14151,0,110]
06-05 07:26:49.141  1319  1986 I am_cpu  : [8952,0,kworker/u8:12-events_unbound,14151,0,20]
06-05 07:26:49.141  1319  1986 I am_cpu  : [8953,0,kworker/u8:13-events_unbound,14151,0,80]
06-05 07:26:49.141  1319  1986 I am_cpu  : [8954,0,kworker/u8:14-events_unbound,14151,0,50]
06-05 07:26:49.141  1319  1986 I am_cpu  : [8956,0,kworker/u8:16-events_unbound,14151,0,10]
06-05 07:26:49.141  1319  1986 I am_cpu  : [11114,0,kworker/0:9H-kverityd,14151,0,10]
06-05 07:26:49.141  1319  1986 I am_cpu  : [11627,10062,.media.sessions,14151,10,30]
06-05 07:26:49.142  1319  1986 I am_cpu  : [11701,0,kworker/3:8H-kverityd,14151,0,30]
06-05 07:26:49.142  1319  1986 I am_cpu  : [11703,0,kworker/3:11H-kverityd,14151,0,30]
06-05 07:26:49.142  1319  1986 I am_cpu  : [11972,0,kworker/u8:22-events_unbound,14151,0,10]
06-05 07:26:49.142  1319  1986 I am_cpu  : [12356,0,kworker/2:2,14151,0,10]
06-05 07:26:49.142  1319  1986 I am_cpu  : [12841,0,kworker/0:2-events,14150,0,20]
06-05 07:26:49.142  1319  1986 I am_cpu  : [13177,0,kworker/u8:8-events_unbound,14150,0,70]
06-05 07:26:49.142  1319  1986 I am_cpu  : [13343,0,kworker/2:6H-kverityd,14151,0,10]
06-05 07:26:49.142  1319  1986 I am_cpu  : [13482,0,kworker/3:1-sdhci_msm_generic_swq,14150,0,30]
06-05 07:26:49.142  1319  1986 I am_cpu  : [13507,0,binder:13507_2,14150,30,150]
06-05 07:26:49.142  1319  1986 I am_cpu  : [13625,0,kworker/1:0,14150,0,10]
06-05 07:26:49.142  1319  1986 I am_cpu  : [13627,0,iptables-restor,14151,0,10]
06-05 07:26:49.142  1319  1986 I am_cpu  : [13691,10095,ndroid.calendar,14151,660,310]
06-05 07:26:49.142  1319  1986 I am_cpu  : [13830,10080,ogle.android.gm,14150,110,20]
06-05 07:26:49.142  1319  1986 I am_cpu  : [31232,2000,diag_mdlog,14150,10,0]
06-05 07:26:49.680  1319  1985 I commit_sys_config_file: [display-state,18]
06-05 07:26:49.968  1319  2072 I am_freeze: [13691,com.google.android.calendar]
06-05 07:26:50.338  1319  2072 I am_compact: [13691,com.google.android.calendar,ANON,104952,66232,38264,40696,-37504,-11264,-26240,26112,369,FULL,54040298,905,19,317128,-9740]
06-05 07:26:50.684  5574  5683 I dvm_lock_sample: [com.fitbit.FitbitMobile,1,BG Thread #0,10,SQLiteConnectionPool.java,722,android.database.sqlite.SQLiteConnection android.database.sqlite.SQLiteConnectionPool.waitForConnection(java.lang.String, int, android.os.CancellationSignal),-,740,android.database.sqlite.SQLiteConnection android.database.sqlite.SQLiteConnectionPool.waitForConnection(java.lang.String, int, android.os.CancellationSignal),2]
06-05 07:28:43.412  1319  2060 I device_idle_step: 
06-05 07:28:43.412  1319  2060 I device_idle: [3,s:alarm]
06-05 07:28:43.412  1319  2060 I device_idle: [4,s:alarm]
06-05 07:28:43.412  1319  2060 I device_idle: [5,s:alarm]
06-05 07:28:43.413  1319  2060 I device_idle_light: [7,deep]
06-05 07:28:43.420  1319  2060 I device_idle_on_start: 
06-05 07:28:43.426  1319  2060 I device_idle_on_phase: power
06-05 07:28:43.590  1319  2060 I device_idle_on_phase: net
06-05 07:28:43.593  1319  2060 I device_idle_on_complete: 
06-05 07:32:24.787  7228 14156 I c2dm    : [0,,2,3]
06-05 07:32:25.051  1319  2070 I commit_sys_config_file: [settings-0-0,23]
06-05 07:32:29.733  1319  2072 I am_freeze: [5574,com.fitbit.FitbitMobile]
06-05 07:32:29.739  1319  2072 I am_unfreeze: [5574,com.fitbit.FitbitMobile,18]
06-05 07:32:31.327  1319  2072 I am_freeze: [5574,com.fitbit.FitbitMobile]
06-05 07:32:31.753  1319  2072 I am_compact: [5574,com.fitbit.FitbitMobile,ANON,145388,98840,46072,38144,-57728,-22528,-35200,35200,425,FULL,54041931,900,16,327384,-13608]
06-05 07:32:55.548  1319  1319 I sysui_multi_action: [757,804,799,note_dismiss_longevity,801,7,802,1]
06-05 07:32:55.549  1319  1319 I sysui_multi_action: [757,128,758,5,759,2,793,473265,794,0,795,473265,796,1331817935,797,V2AEventKey|108637477974399451867|pg@fivesevenfive.org|76d00l2k7vu4q6ao9sq1m0pgnc-1-1,806,com.google.android.calendar,857,REMINDERS,858,4,947,0,1500,473050,1641,event,1688,1,1745,2098068913]
06-05 07:32:55.549  1319  1319 I notification_canceled: [0|com.google.android.calendar|1331817935|V2AEventKey|108637477974399451867|pg@fivesevenfive.org|76d00l2k7vu4q6ao9sq1m0pgnc-1-1|10095,2,473265,473265,0,-1,-1,NULL]
06-05 07:32:55.593  1319  2072 I am_unfreeze: [13691,com.google.android.calendar,10]
06-05 07:32:56.250  1319  2070 I commit_sys_config_file: [settings-1-0,13]
06-05 07:32:57.826  1319  2145 I dvm_lock_sample: [system_server,0,binder:1319_5,1949,go/retraceme 89603491740b48bbc0e4e3d83afb599b536dc4311d9567e5069d9647d9214d1d,3,void com.android.clockwork.displayoffload.BaseOffloadLayout.addStatusBar(com.google.android.clockwork.ambient.offload.types.TranslationGroup, com.google.android.clockwork.ambient.offload.types.BitmapResource),-,97,void com.android.clockwork.displayoffload.BaseOffloadLayout.sendToHal(com.android.clockwork.displayoffload.HalAdapter),100]
06-05 07:32:57.831  1319  1319 I dvm_lock_sample: [system_server,0,main,955,go/retraceme 89603491740b48bbc0e4e3d83afb599b536dc4311d9567e5069d9647d9214d1d,5,void com.android.clockwork.displayoffload.OffloadLayoutManager.releaseLayoutTimeoutWakeLock(boolean),-,68,void com.android.clockwork.displayoffload.OffloadLayoutManager.releaseLayoutTimeoutWakeLock(boolean),100]
06-05 07:32:58.812  1319  2070 I commit_sys_config_file: [settings-1-0,8]
06-05 07:33:00.080  1319  2013 I dvm_lock_sample: [system_server,0,DisplayOffloadBgThread,2201,go/retraceme 89603491740b48bbc0e4e3d83afb599b536dc4311d9567e5069d9647d9214d1d,3,void com.android.clockwork.displayoffload.DisplayOffloadService.updateDisplayOffloadState(int),-,85,void com.android.clockwork.displayoffload.DisplayControlManager.updateOffloadStateLocked(int),100]
06-05 07:33:00.118  1319  1985 I commit_sys_config_file: [display-state,13]
06-05 07:33:00.332  1319  1319 I dvm_lock_sample: [system_server,0,main,137,go/retraceme 89603491740b48bbc0e4e3d83afb599b536dc4311d9567e5069d9647d9214d1d,5,void com.android.clockwork.displayoffload.DisplayOffloadService.maybeScheduleOffloadUpdate(),,0,null,27]
06-05 07:33:19.752  1319  1319 I screen_toggled: 1
06-05 07:33:19.758  1319  2010 I sysui_multi_action: [757,1696,758,6,759,3]
06-05 07:33:19.764  1319  2082 I input_interaction: Interaction with: 3b344d3 com.google.android.wearable.sysui/com.google.android.wearable.sysui.mainui.activity.SysUiActivity, PointerEventDispatcher0, 
06-05 07:33:19.857  1319  1319 I power_screen_broadcast_send: 1
06-05 07:33:19.889  1319  1985 I commit_sys_config_file: [display-state,38]
06-05 07:33:19.925  1319  1319 I sysui_multi_action: [757,198,758,1,759,1,1359,329,1694,6]
06-05 07:33:19.925  1319  1319 I power_screen_state: [1,0,0,0,329]
06-05 07:33:19.937  1319  2060 I dvm_lock_sample: [system_server,1,appscheduling.default,6,go/retraceme e692cb518c4bef8aad1a205a9c960701d0ecc17ba319870202754d67697c4948,35,void com.android.server.am.ActivityManagerService.finishReceiver(android.os.IBinder, int, java.lang.String, android.os.Bundle, boolean, int),-,89,void com.android.server.am.ActivityManagerService.finishReceiver(android.os.IBinder, int, java.lang.String, android.os.Bundle, boolean, int),1]
06-05 07:33:19.945  1319  2070 I commit_sys_config_file: [settings-0-0,38]
06-05 07:33:19.946  1319  1319 I device_idle: [0,screen]
06-05 07:33:19.946  1319  1319 I device_idle_light: [0,screen]
06-05 07:33:19.949  1319  2060 I device_idle_off_start: screen
06-05 07:33:19.949  1319  2060 I device_idle_off_phase: power
06-05 07:33:19.958  1319  2060 I device_idle_off_phase: net
06-05 07:33:20.070  1319  1586 I sysui_multi_action: [757,223,758,2]
06-05 07:33:20.070  1319  1586 I sysui_multi_action: [757,804,799,dozing_minutes,801,8,802,1]
06-05 07:33:20.202  1319  2070 I commit_sys_config_file: [settings-1-0,143]
06-05 07:33:20.234  1319  2060 I device_idle_off_complete: 
06-05 07:33:20.247  1319  3589 I dvm_lock_sample: [system_server,0,binder:1319_1A,97,go/retraceme e692cb518c4bef8aad1a205a9c960701d0ecc17ba319870202754d67697c4948,35,void com.android.server.am.ActivityManagerService.finishReceiver(android.os.IBinder, int, java.lang.String, android.os.Bundle, boolean, int),,0,null,19]
06-05 07:33:20.300  1319  3426 I dvm_lock_sample: [system_server,1,binder:1319_13,136,go/retraceme e692cb518c4bef8aad1a205a9c960701d0ecc17ba319870202754d67697c4948,11,void com.android.server.power.PowerManagerService.-$$Nest$macquireWakeLockInternal(com.android.server.power.PowerManagerService, android.os.IBinder, int, int, java.lang.String, java.lang.String, android.os.WorkSource, java.lang.String, int, int, android.os.IWakeLockCallback),,0,null,27]
06-05 07:33:20.300  1319  2963 I dvm_lock_sample: [system_server,1,binder:1319_12,191,go/retraceme e692cb518c4bef8aad1a205a9c960701d0ecc17ba319870202754d67697c4948,343,void com.android.server.alarm.AlarmManagerService.setImpl(int, long, long, long, android.app.PendingIntent, android.app.IAlarmListener, java.lang.String, int, android.os.WorkSource, android.app.AlarmManager$AlarmClockInfo, int, java.lang.String, android.os.Bundle, int),-,695,void com.android.server.alarm.AlarmManagerService$AlarmThread.run(),38]
06-05 07:33:20.401  1319  2070 I commit_sys_config_file: [settings-1-0,27]
06-05 07:33:20.440  4661  4661 I viewroot_draw_event: [VRI[],Not drawing due to not visible. Reason=View.GONE]
06-05 07:33:20.453  1319  2072 I am_unfreeze: [5574,com.fitbit.FitbitMobile,6]
06-05 07:33:20.749  4661  4661 I viewroot_draw_event: [VRI[],Start draw after previous draw not visible]
06-05 07:33:20.821  1319  2070 I commit_sys_config_file: [settings-1-0,89]
06-05 07:33:21.069  1319  1586 I power_screen_broadcast_done: [1,1212,1]
06-05 07:33:21.500  1319  3426 I power_sleep_requested: 0
06-05 07:33:21.514  4536  4536 I [1005000]: [GESTURE UNGAZE,0,0.000000,0]
06-05 07:33:21.520  1319  1586 I sysui_multi_action: [757,223,758,1]
06-05 07:33:21.602  1319  2010 I sysui_multi_action: [757,1696,758,6,759,1]
06-05 07:33:21.604  1319  2070 I commit_sys_config_file: [settings-1-0,32]
06-05 07:33:21.612  1319  1319 I screen_toggled: 0
06-05 07:33:21.613  1319  1319 I sysui_multi_action: [757,804,799,screen_timeout,801,15,802,1]
06-05 07:33:21.623  1319  1319 I sysui_multi_action: [757,1594,758,4,759,-2147483648,1359,1698]
06-05 07:33:21.623  1319  1319 I sysui_multi_action: [757,198,758,2,759,2,1359,177,1695,6]
06-05 07:33:21.623  1319  1319 I power_screen_state: [0,2,0,0,177]
06-05 07:33:21.623  1319  1319 I power_screen_broadcast_send: 1
06-05 07:33:21.819  1319  1319 I device_idle: [1,no activity]
06-05 07:33:21.821  1319  1319 I device_idle_light: [1,no activity]
06-05 07:33:21.836  1319  2070 I commit_sys_config_file: [settings-1-0,17]
06-05 07:33:22.035  1319  1586 I power_screen_broadcast_done: [0,412,1]
06-05 07:33:22.085  1319  1985 I commit_sys_config_file: [display-state,64]
06-05 07:33:22.155  1319  2596 I dvm_lock_sample: [system_server,1,binder:1319_10,39,go/retraceme e692cb518c4bef8aad1a205a9c960701d0ecc17ba319870202754d67697c4948,11,java.lang.String com.android.server.am.ActivityManagerService.getTagForIntentSender(android.content.IIntentSender, java.lang.String),,0,null,7]
06-05 07:33:22.168  1319  2072 I am_unfreeze: [5245,com.google.android.gms,4]
06-05 07:33:23.708  1319  2072 I am_unfreeze: [8388,io.homeassistant.companion.android,6]
06-05 07:33:23.742  1319  2330 I am_uid_active: 10185
06-05 07:33:24.973  1319  1986 I am_wtf  : [0,1319,system_server,-1,ActivityManager,Background started FGS: Disallowed [callingPackage: io.homeassistant.companion.android; callingUid: 10185; uidState: IMPF; uidBFSL: n/a; intent: Intent { act=ACTION_START_FOREGROUND xflg=0x4 cmp=io.homeassistant.companion.android/androidx.work.impl.foreground.SystemForegroundService (has extras) }; code:DENIED; tempAllowListReason:<null>; allowWiu:-1; targetSdkVersion:34; callerTargetSdkVersion:34; startForegroundCount:0; bindFromPackage:null: isBindService:false]]
06-05 07:33:24.973  1319  2330 I am_foreground_service_denied: [0,io.homeassistant.companion.android/androidx.work.impl.foreground.SystemForegroundService,0,DENIED,34,34,0,0,0,0,UNKNOWN,0]
06-05 07:33:26.243  1319  2072 I am_freeze: [5574,com.fitbit.FitbitMobile]
06-05 07:33:26.250  1319  2072 I am_unfreeze: [5574,com.fitbit.FitbitMobile,18]
06-05 07:33:27.259  1319  2072 I am_freeze: [5574,com.fitbit.FitbitMobile]
06-05 07:33:27.466  1319  2070 I commit_sys_config_file: [settings-1-0,9]
06-05 07:33:27.575  1319  2072 I am_compact: [5574,com.fitbit.FitbitMobile,ANON,117904,82456,34972,48740,-35968,-11136,-24832,24832,314,FULL,54079428,910,16,322104,-780]
06-05 07:33:29.661  1319  1985 I commit_sys_config_file: [display-state,19]
06-05 07:33:39.422  1319  2010 I dvm_lock_sample: [system_server,1,PowerManagerService,34,go/retraceme e692cb518c4bef8aad1a205a9c960701d0ecc17ba319870202754d67697c4948,5,void com.android.server.power.PowerManagerService.-$$Nest$mhandleSandman(com.android.server.power.PowerManagerService, int),-,266,void com.android.server.power.PowerManagerService.-$$Nest$macquireWakeLockInternal(com.android.server.power.PowerManagerService, android.os.IBinder, int, int, java.lang.String, java.lang.String, android.os.WorkSource, java.lang.String, int, int, android.os.IWakeLockCallback),6]
06-05 07:34:32.332  1319  2072 I am_freeze: [8388,io.homeassistant.companion.android]
06-05 07:34:32.573  1319  2072 I am_compact: [8388,io.homeassistant.companion.android,ANON,89720,65040,24552,37592,-28288,-13440,-14848,14720,239,FULL,53996853,905,19,322780,-2576]
06-05 07:34:32.824  1319  2070 I commit_sys_config_file: [settings-1-0,16]
06-05 07:34:33.990  1319  2010 I sysui_multi_action: [757,1696,758,6,759,3]
06-05 07:34:34.072  1319  1985 I commit_sys_config_file: [display-state,22]
06-05 07:34:34.092  1319  1586 I sysui_multi_action: [757,223,758,2]
06-05 07:34:34.093  1319  1586 I sysui_multi_action: [757,804,799,dozing_minutes,801,1,802,1]
06-05 07:34:34.097  4661  4661 I viewroot_draw_event: [VRI[],Not drawing due to not visible. Reason=View.GONE]
06-05 07:34:34.260  1319  2072 I am_unfreeze: [5574,com.fitbit.FitbitMobile,6]
06-05 07:34:34.397  1319  2070 I commit_sys_config_file: [settings-1-0,16]
06-05 07:34:34.539  1319  2963 I dvm_lock_sample: [system_server,0,binder:1319_12,1995,go/retraceme 89603491740b48bbc0e4e3d83afb599b536dc4311d9567e5069d9647d9214d1d,3,void com.android.clockwork.displayoffload.BaseOffloadLayout.addStatusBar(com.google.android.clockwork.ambient.offload.types.TranslationGroup, com.google.android.clockwork.ambient.offload.types.BitmapResource),-,97,void com.android.clockwork.displayoffload.BaseOffloadLayout.sendToHal(com.android.clockwork.displayoffload.HalAdapter),100]
06-05 07:34:34.540  1319  1319 I dvm_lock_sample: [system_server,0,main,996,go/retraceme 89603491740b48bbc0e4e3d83afb599b536dc4311d9567e5069d9647d9214d1d,5,void com.android.clockwork.displayoffload.OffloadLayoutManager.releaseLayoutTimeoutWakeLock(boolean),-,68,void com.android.clockwork.displayoffload.OffloadLayoutManager.releaseLayoutTimeoutWakeLock(boolean),100]
06-05 07:34:34.541  1319  2330 I dvm_lock_sample: [system_server,1,binder:1319_B,433,go/retraceme 89603491740b48bbc0e4e3d83afb599b536dc4311d9567e5069d9647d9214d1d,3,int com.android.clockwork.displayoffload.OffloadLayoutManager.getTargetUid(int),-,68,void com.android.clockwork.displayoffload.OffloadLayoutManager.releaseLayoutTimeoutWakeLock(boolean),86]
06-05 07:34:34.541  1319  1319 I screen_toggled: 1
06-05 07:34:34.570  1319  1319 I power_screen_broadcast_send: 1
06-05 07:34:34.617  1319  1319 I sysui_multi_action: [757,198,758,1,759,2,1359,106,1694,2]
06-05 07:34:34.617  1319  1319 I power_screen_state: [1,0,0,0,106]
06-05 07:34:34.673  1319  1319 I device_idle: [0,screen]
06-05 07:34:34.674  1319  1319 I device_idle_light: [0,screen]
06-05 07:34:34.674  1319  2060 I device_idle_off_start: screen
06-05 07:34:34.675  1319  2060 I device_idle_off_complete: 
06-05 07:34:34.856  1319  1986 I am_wtf  : [0,1319,system_server,-1,AlarmManager,Attempt to decrement existing alarm count 0 by 1 for uid 1000]
06-05 07:34:34.923  1319  1586 I power_screen_broadcast_done: [1,354,1]
06-05 07:34:36.650  1319  2596 I dvm_lock_sample: [system_server,0,binder:1319_10,1793,go/retraceme 89603491740b48bbc0e4e3d83afb599b536dc4311d9567e5069d9647d9214d1d,31,void com.android.clockwork.displayoffload.DisplayOffloadService$BinderService.clearResource(int),-,85,void com.android.clockwork.displayoffload.DisplayControlManager.updateOffloadStateLocked(int),100]
06-05 07:34:36.729  1319  2070 I commit_sys_config_file: [settings-1-0,6]
06-05 07:34:36.807  1319  2596 I power_sleep_requested: 0
06-05 07:34:36.808  4536  4536 I [1005000]: [GESTURE UNGAZE,0,0.000000,0]
06-05 07:34:36.820  1319  1586 I sysui_multi_action: [757,223,758,1]
06-05 07:34:36.849  1319  2010 I sysui_multi_action: [757,1696,758,6,759,1]
06-05 07:34:36.851  1319  1319 I screen_toggled: 0
06-05 07:34:36.851  1319  1319 I sysui_multi_action: [757,804,799,screen_timeout,801,15,802,1]
06-05 07:34:36.853  1319  1319 I sysui_multi_action: [757,1594,758,4,759,-2147483648,1359,2237]
06-05 07:34:36.854  1319  1319 I sysui_multi_action: [757,198,758,2,759,2,1359,48,1695,6]
06-05 07:34:36.854  1319  1319 I power_screen_state: [0,2,0,0,48]
06-05 07:34:36.860  1319  1319 I power_screen_broadcast_send: 1
06-05 07:34:36.880  4661  4661 I viewroot_draw_event: [VRI[],Start draw after previous draw not visible]
06-05 07:34:37.000  1319  1319 I device_idle: [1,no activity]
06-05 07:34:37.004  1319  1319 I device_idle_light: [1,no activity]
06-05 07:34:37.106  1319  2070 I commit_sys_config_file: [settings-1-0,39]
06-05 07:34:37.104  1319  1586 I power_screen_broadcast_done: [0,244,1]
06-05 07:34:37.223  1319  1985 I commit_sys_config_file: [display-state,54]
06-05 07:34:37.761  1319  2070 I commit_sys_config_file: [settings-1-0,5]
06-05 07:34:39.408  1319  2072 I am_freeze: [5574,com.fitbit.FitbitMobile]
06-05 07:34:39.713  1319  2072 I am_compact: [5574,com.fitbit.FitbitMobile,ANON,108384,74136,33772,49252,-33920,-10496,-23424,23424,304,FULL,54101243,910,16,313676,-10416]
06-05 07:34:39.863  1319  1985 I commit_sys_config_file: [display-state,18]
06-05 07:35:47.248  1319  2072 I am_unfreeze: [5574,com.fitbit.FitbitMobile,6]
06-05 07:35:47.335  1319  3582 I am_uid_running: 10117
06-05 07:35:47.374  1319  1987 I am_proc_start: [0,14243,10117,com.google.android.GoogleCamera,service,{com.google.android.GoogleCamera/com.google.android.apps.camera.wear.wearappv2.DataLayerListenerService}]
06-05 07:35:47.394  1319  2072 I am_unfreeze: [13830,com.google.android.gm,3]
06-05 07:35:47.776  1319  2488 I am_proc_bound: [0,14243,com.google.android.GoogleCamera]
06-05 07:35:48.173  1319  2488 I am_uid_active: 10117
06-05 07:35:48.333  1319  1319 I notification_enqueue: [10117,14243,com.google.android.GoogleCamera,10001,NULL,0,Notification(channel=channel_id_wear shortcut=null contentView=null vibrate=null sound=null defaults=0 flags=ONGOING_EVENT|AUTO_CANCEL|LOCAL_ONLY color=0x00000000 category=status actions=1 vis=PUBLIC),0,1]
06-05 07:35:48.537  1319  1319 I sysui_multi_action: [757,1501,758,1,793,206,794,0,795,206,796,10001,806,com.google.android.GoogleCamera,857,channel_id_wear,858,4,947,0,1500,0,1641,status,1688,1]
06-05 07:35:48.537  1319  1319 I sysui_multi_action: [757,804,799,note_interruptive,801,0,802,1]
06-05 07:35:48.542  1319  1319 I sysui_multi_action: [757,199,758,1,759,256,793,211,794,0,795,211,796,10001,806,com.google.android.GoogleCamera,857,channel_id_wear,858,4,947,0,1500,5,1641,status,1688,1]
06-05 07:35:48.543  1319  1319 I notification_alert: [0|com.google.android.GoogleCamera|10001|null|10117,0,0,0,0,256]
06-05 07:35:49.253  1319  2070 I commit_sys_config_file: [settings-1-0,61]
06-05 07:35:50.902  1319  2963 I dvm_lock_sample: [system_server,0,binder:1319_12,1967,go/retraceme 89603491740b48bbc0e4e3d83afb599b536dc4311d9567e5069d9647d9214d1d,3,void com.android.clockwork.displayoffload.BaseOffloadLayout.addStatusBar(com.google.android.clockwork.ambient.offload.types.TranslationGroup, com.google.android.clockwork.ambient.offload.types.BitmapResource),-,97,void com.android.clockwork.displayoffload.BaseOffloadLayout.sendToHal(com.android.clockwork.displayoffload.HalAdapter),100]
06-05 07:35:50.904  1319  1319 I dvm_lock_sample: [system_server,0,main,971,go/retraceme 89603491740b48bbc0e4e3d83afb599b536dc4311d9567e5069d9647d9214d1d,5,void com.android.clockwork.displayoffload.OffloadLayoutManager.releaseLayoutTimeoutWakeLock(boolean),-,68,void com.android.clockwork.displayoffload.OffloadLayoutManager.releaseLayoutTimeoutWakeLock(boolean),100]
06-05 07:35:52.423  1319  2070 I commit_sys_config_file: [settings-1-0,7]
06-05 07:35:52.462  1319  2072 I am_freeze: [5574,com.fitbit.FitbitMobile]
06-05 07:35:52.796  1319  2070 I commit_sys_config_file: [settings-1-0,7]
06-05 07:35:52.864  1319  1319 I sysui_multi_action: [757,128,758,5,759,8,793,4533,794,0,795,4533,796,10001,806,com.google.android.GoogleCamera,857,channel_id_wear,858,4,947,0,1500,4327,1641,status,1688,1]
06-05 07:35:52.864  1319  1319 I notification_canceled: [0|com.google.android.GoogleCamera|10001|null|10117,8,4533,4533,0,-1,-1,NULL]
06-05 07:35:53.007  1319  2013 I dvm_lock_sample: [system_server,0,DisplayOffloadBgThread,2054,go/retraceme 89603491740b48bbc0e4e3d83afb599b536dc4311d9567e5069d9647d9214d1d,3,void com.android.clockwork.displayoffload.DisplayOffloadService.updateDisplayOffloadState(int),-,85,void com.android.clockwork.displayoffload.DisplayControlManager.updateOffloadStateLocked(int),100]
06-05 07:35:53.058  1319  1985 I commit_sys_config_file: [display-state,12]
06-05 07:35:53.137  1319  2013 I dvm_lock_sample: [system_server,0,DisplayOffloadBgThread,70,go/retraceme 89603491740b48bbc0e4e3d83afb599b536dc4311d9567e5069d9647d9214d1d,16,void com.android.clockwork.displayoffload.DisplayOffloadService$6.onDisplayChanged(int),-,7,void com.android.clockwork.displayoffload.DisplayControlManager.updateOffloadState(int),14]
06-05 07:35:53.637  1319  2070 I commit_sys_config_file: [settings-1-0,11]
06-05 07:35:55.448  1319  2198 I dvm_lock_sample: [system_server,0,PhotonicModulator,2163,go/retraceme 89603491740b48bbc0e4e3d83afb599b536dc4311d9567e5069d9647d9214d1d,3,void com.android.clockwork.displayoffload.DisplayControlManager.updateOffloadState(int),-,85,void com.android.clockwork.displayoffload.DisplayControlManager.updateOffloadStateLocked(int),100]
06-05 07:35:55.577  1319  1985 I commit_sys_config_file: [display-state,11]
06-05 07:35:55.674  1319  2013 I dvm_lock_sample: [system_server,0,DisplayOffloadBgThread,73,go/retraceme 89603491740b48bbc0e4e3d83afb599b536dc4311d9567e5069d9647d9214d1d,16,void com.android.clockwork.displayoffload.DisplayOffloadService$6.onDisplayChanged(int),-,7,void com.android.clockwork.displayoffload.DisplayControlManager.updateOffloadState(int),14]
06-05 07:35:56.896  1319  2072 I am_freeze: [13691,com.google.android.calendar]
06-05 07:36:37.429  1319  2060 I device_idle_step: 
06-05 07:36:37.444  1319  2060 I device_idle: [2,s:alarm]
06-05 07:37:04.559  1319  2072 I am_unfreeze: [5574,com.fitbit.FitbitMobile,6]
06-05 07:38:38.438  1319  2060 I device_idle_step: 
06-05 07:38:38.440  1319  2060 I device_idle: [3,s:alarm]
06-05 07:38:38.440  1319  2060 I device_idle: [4,s:alarm]
06-05 07:38:38.442  1319  2060 I device_idle: [5,s:alarm]
06-05 07:38:38.453  1319  2060 I device_idle_light: [7,deep]
06-05 07:38:38.459  1319  2060 I device_idle_on_start: 
06-05 07:38:38.459  1319  2060 I device_idle_on_phase: power
06-05 07:38:38.634  1319  2060 I device_idle_on_phase: net
06-05 07:38:38.640  1319  2060 I device_idle_on_complete: 
06-05 07:41:17.640  1319  2070 I commit_sys_config_file: [settings-2-0,9]
06-05 07:41:17.935  1319  1997 I am_cpu  : [1,0,init,60695,30,90]
06-05 07:41:17.936  1319  1997 I am_cpu  : [16,0,rcu_preempt,60691,0,50]
06-05 07:41:17.936  1319  1997 I am_cpu  : [17,0,rcuog/0,60690,0,40]
06-05 07:41:17.936  1319  1997 I am_cpu  : [18,0,rcuop/0,60690,0,30]
06-05 07:41:17.936  1319  1997 I am_cpu  : [20,0,rcu_exp_gp_kthread_worker,60690,0,10]
06-05 07:41:17.936  1319  1997 I am_cpu  : [31,0,rcuop/1,60690,0,30]
06-05 07:41:17.936  1319  1997 I am_cpu  : [38,0,rcuog/2,60690,0,30]
06-05 07:41:17.936  1319  1997 I am_cpu  : [39,0,rcuop/2,60691,0,20]
06-05 07:41:17.936  1319  1997 I am_cpu  : [43,0,ksoftirqd/3,60690,0,70]
06-05 07:41:17.936  1319  1997 I am_cpu  : [46,0,rcuop/3,60690,0,30]
06-05 07:41:17.936  1319  1997 I am_cpu  : [62,0,kswapd0,60687,0,3370]
06-05 07:41:17.936  1319  1997 I am_cpu  : [71,0,dmabuf-deferred-free-worker,360794,0,10]
06-05 07:41:17.936  1319  1997 I am_cpu  : [92,0,glink-rpm_requests,60687,0,690]
06-05 07:41:17.936  1319  1997 I am_cpu  : [127,0,irq/102-4744000.sdhci,60686,0,20]
06-05 07:41:17.936  1319  1997 I am_cpu  : [128,0,kgsl-events,74866,0,40]
06-05 07:41:17.936  1319  1997 I am_cpu  : [137,0,kgsl_dispatcher,60686,0,100]
06-05 07:41:17.936  1319  1997 I am_cpu  : [138,0,crtc_commit:87,60686,0,190]
06-05 07:41:17.936  1319  1997 I am_cpu  : [139,0,crtc_event:87,60686,0,70]
06-05 07:41:17.936  1319  1997 I am_cpu  : [215,0,init,74867,10,0]
06-05 07:41:17.936  1319  1997 I am_cpu  : [216,0,ueventd,60685,60,0]
06-05 07:41:17.936  1319  1997 I am_cpu  : [318,0,jbd2/mmcblk0p16-8,201461,0,10]
06-05 07:41:17.936  1319  1997 I am_cpu  : [328,1013,audioadsprpcd,74867,0,10]
06-05 07:41:17.936  1319  1997 I am_cpu  : [329,1036,logd,60685,600,1690]
06-05 07:41:17.936  1319  1997 I am_cpu  : [330,1069,lmkd,60685,30,80]
06-05 07:41:17.937  1319  1997 I am_cpu  : [331,1000,servicemanager,60685,80,20]
06-05 07:41:17.937  1319  1997 I am_cpu  : [338,1000,qseecomd,74867,0,40]
06-05 07:41:17.937  1319  1997 I am_cpu  : [340,1000,android.hardwar,60685,0,30]
06-05 07:41:17.937  1319  1997 I am_cpu  : [355,0,binder:355_2,74867,0,10]
06-05 07:41:17.937  1319  1997 I am_cpu  : [391,0,irq/125-4520300.qcom,bwmon-ddr,60684,0,430]
06-05 07:41:17.937  1319  1997 I am_cpu  : [413,0,autobahn_proxy,60684,0,2690]
06-05 07:41:17.937  1319  1997 I am_cpu  : [414,0,autobahn_mac_initiator,60684,0,8610]
06-05 07:41:17.937  1319  1997 I am_cpu  : [422,0,gbms_virt_stora,137371,0,20]
06-05 07:41:17.937  1319  1997 I am_cpu  : [425,1000,pixelstats-vend,74867,20,40]
06-05 07:41:17.937  1319  1997 I am_cpu  : [426,0,wdcd,74867,0,10]
06-05 07:41:17.937  1319  1997 I am_cpu  : [430,1000,android.system.,60682,240,2900]
06-05 07:41:17.937  1319  1997 I am_cpu  : [431,1017,binder:431_2,60682,10,10]
06-05 07:41:17.937  1319  1997 I am_cpu  : [447,1027,android.hardwar,137362,0,10]
06-05 07:41:17.937  1319  1997 I am_cpu  : [456,1000,sscrpcd,137362,0,10]
06-05 07:41:17.937  1319  1997 I am_cpu  : [517,0,f2fs_ckpt-254:57,60679,0,80]
06-05 07:41:17.937  1319  1997 I am_cpu  : [520,0,f2fs_discard-254:57,261912,0,10]
06-05 07:41:17.937  1319  1997 I am_cpu  : [526,0,android.hardwar,60679,0,40]
06-05 07:41:17.937  1319  1997 I am_cpu  : [531,1000,surfaceflinger,60680,1290,990]
06-05 07:41:17.937  1319  1997 I am_cpu  : [533,1000,binder:533_2,281277,0,20]
06-05 07:41:17.937  1319  1997 I am_cpu  : [539,1000,binder:539_2,60679,350,700]
06-05 07:41:17.937  1319  1997 I am_cpu  : [707,1000,time_daemon,74867,10,20]
06-05 07:41:17.937  1319  1997 I am_cpu  : [708,1001,binder:708_2,137335,0,10]
06-05 07:41:17.937  1319  1997 I am_cpu  : [710,0,binder:710_2,60679,560,420]
06-05 07:41:17.937  1319  1997 I am_cpu  : [739,0,binder:739_3,60678,40,90]
06-05 07:41:17.937  1319  1997 I am_cpu  : [741,1066,binder:741_3,60678,370,270]
06-05 07:41:17.937  1319  1997 I am_cpu  : [742,0,main,74867,0,20]
06-05 07:41:17.937  1319  1997 I am_cpu  : [755,0,irq/152-cs40l26 IRQ1 Controller,60678,0,30]
06-05 07:41:17.937  1319  1997 I am_cpu  : [876,0,dhd_watchdog_thread,137329,0,10]
06-05 07:41:17.937  1319  1997 I am_cpu  : [877,0,dhd_dpc,137329,0,50]
06-05 07:41:17.937  1319  1997 I am_cpu  : [889,1000,ssgtzd,74867,0,20]
06-05 07:41:17.937  1319  1997 I am_cpu  : [890,1000,diag-router,74868,30,140]
06-05 07:41:17.937  1319  1997 I am_cpu  : [892,1002,binder:892_2,60678,460,450]
06-05 07:41:17.937  1319  1997 I am_cpu  : [897,1080,android.hardwar,74867,10,50]
06-05 07:41:17.937  1319  1997 I am_cpu  : [908,1021,binder:908_2,74867,0,30]
06-05 07:41:17.937  1319  1997 I am_cpu  : [909,1000,android.hardwar,60679,0,10]
06-05 07:41:17.937  1319  1997 I am_cpu  : [911,1000,android.hardwar,60678,80,230]
06-05 07:41:17.938  1319  1997 I am_cpu  : [912,1000,android.hardwar,74866,0,20]
06-05 07:41:17.938  1319  1997 I am_cpu  : [913,1000,android.hardwar,74866,0,10]
06-05 07:41:17.938  1319  1997 I am_cpu  : [933,1001,vendor.google.r,74865,0,30]
06-05 07:41:17.938  1319  1997 I am_cpu  : [937,1000,binder:937_2,137306,0,10]
06-05 07:41:17.938  1319  1997 I am_cpu  : [949,1000,binder:949_2,60677,60,200]
06-05 07:41:17.938  1319  1997 I am_cpu  : [979,1000,pd-mapper,137301,0,10]
06-05 07:41:17.938  1319  1997 I am_cpu  : [1038,9999,rmt_storage,137300,0,40]
06-05 07:41:17.938  1319  1997 I am_cpu  : [1039,2903,tftp_server,137299,0,10]
06-05 07:41:17.938  1319  1997 I am_cpu  : [1199,9999,traced_probes,137299,0,10]
06-05 07:41:17.938  1319  1997 I am_cpu  : [1204,9999,traced,74862,0,10]
06-05 07:41:17.938  1319  1997 I am_cpu  : [1211,1000,android.hardwar,60675,10,30]
06-05 07:41:17.938  1319  1997 I am_cpu  : [1241,0,qcom-system-dae,201463,0,10]
06-05 07:41:17.938  1319  1997 I am_cpu  : [1278,0,storaged,74860,0,10]
06-05 07:41:17.938  1319  1997 I am_cpu  : [1281,0,sysproxyd,60674,10,20]
06-05 07:41:17.938  1319  1997 I am_cpu  : [1282,1010,wificond,74860,280,110]
06-05 07:41:17.938  1319  1997 I am_cpu  : [1286,1000,binder:1286_4,74859,0,40]
06-05 07:41:17.938  1319  1997 I am_cpu  : [1287,1001,binder:1287_2,74859,0,10]
06-05 07:41:17.938  1319  1997 I am_cpu  : [1292,1001,binder:1292_2,60672,0,160]
06-05 07:41:17.938  1319  1997 I am_cpu  : [1310,1001,binder:1310_2,74842,10,30]
06-05 07:41:17.938  1319  1997 I am_cpu  : [1315,1000,adsprpcd,74833,0,10]
06-05 07:41:17.938  1319  1997 I am_cpu  : [1319,1000,system_server,60670,5370,5530]
06-05 07:41:17.938  1319  1997 I am_cpu  : [1338,1021,loc_launcher,201463,0,10]
06-05 07:41:17.938  1319  1997 I am_cpu  : [1368,1021,xtra-daemon,74831,0,10]
06-05 07:41:17.938  1319  1997 I am_cpu  : [1376,1080,chre,60670,100,140]
06-05 07:41:17.939  1319  1997 I am_cpu  : [1390,1001,main,60669,0,100]
06-05 07:41:17.939  1319  1997 I am_cpu  : [1410,1000,binder:1410_2,60669,760,2080]
06-05 07:41:17.939  1319  1997 I am_cpu  : [1564,1036,logcat,60669,560,590]
06-05 07:41:17.939  1319  1997 I am_cpu  : [1577,1000,hvdcp_opti,74829,10,20]
06-05 07:41:17.939  1319  1997 I am_cpu  : [1585,1000,android.hardwar,74827,20,80]
06-05 07:41:17.939  1319  1997 I am_cpu  : [1868,1000,android.hardwar,60668,90,140]
06-05 07:41:17.939  1319  1997 I am_cpu  : [1992,0,psimon,60669,0,20]
06-05 07:41:17.939  1319  1997 I am_cpu  : [2215,1010,binder:2215_2,74827,0,90]
06-05 07:41:17.939  1319  1997 I am_cpu  : [2250,1000,e.wear.services,60669,780,380]
06-05 07:41:17.939  1319  1997 I am_cpu  : [2309,10124,e.watchface.rwf,60669,4550,830]
06-05 07:41:17.940  1319  1997 I am_cpu  : [2339,1073,rkstack.process,60669,40,50]
06-05 07:41:17.940  1319  1997 I am_cpu  : [2355,1002,droid.bluetooth,60668,490,480]
06-05 07:41:17.940  1319  1997 I am_cpu  : [2375,10149,elsystemservice,74825,0,10]
06-05 07:41:17.940  1319  1997 I am_cpu  : [2398,2918,.cacertservice,60668,10,0]
06-05 07:41:17.940  1319  1997 I am_cpu  : [2421,10153,oid.grilservice,74823,10,30]
06-05 07:41:17.940  1319  1997 I am_cpu  : [2424,10148,.codeaurora.ims,74822,10,20]
06-05 07:41:17.940  1319  1997 I am_cpu  : [2436,10147,talkey.timesync,74822,0,10]
06-05 07:41:17.940  1319  1997 I am_cpu  : [2462,1068,com.android.se,74822,0,10]
06-05 07:41:17.940  1319  1997 I am_cpu  : [2508,1001,.dataservices,74821,0,20]
06-05 07:41:17.940  1319  1997 I am_cpu  : [2521,1027,gle.android.nfc,74822,10,20]
06-05 07:41:17.940  1319  1997 I am_cpu  : [2522,10098,qtidataservices,60666,10,40]
06-05 07:41:17.940  1319  1997 I am_cpu  : [2540,1001,m.android.phone,60666,280,180]
06-05 07:41:17.940  1319  1997 I am_cpu  : [2810,0,msm_irqbalance,60666,10,50]
06-05 07:41:17.941  1319  1997 I am_cpu  : [2824,0,adsp_wdog,74820,0,10]
06-05 07:41:17.941  1319  1997 I am_cpu  : [2830,1000,droid.satellite,128673,0,10]
06-05 07:41:17.941  1319  1997 I am_cpu  : [2838,0,thermal-engine-,60665,40,180]
06-05 07:41:17.941  1319  1997 I am_cpu  : [2970,10116,roid.apps.scone,60665,110,170]
06-05 07:41:17.941  1319  1997 I am_cpu  : [3095,10056,.healthservices,60666,2320,460]
06-05 07:41:17.941  1319  1997 I am_cpu  : [3239,10058,roid.euicc.wear,74820,10,20]
06-05 07:41:17.941  1319  1997 I am_cpu  : [3336,10164,rs.media.module,74820,0,40]
06-05 07:41:17.941  1319  1997 I am_cpu  : [3410,10151,s.zprovidertest,74819,0,10]
06-05 07:41:17.941  1319  1997 I am_cpu  : [3447,1000,RestartDetector,74817,0,10]
06-05 07:41:17.941  1319  1997 I am_cpu  : [3451,10159,oid.pixellogger,74818,0,10]
06-05 07:41:17.941  1319  1997 I am_cpu  : [3568,1041,audioserver,60665,20,40]
06-05 07:41:17.941  1319  1997 I am_cpu  : [3569,1041,binder:3569_2,60665,0,40]
06-05 07:41:17.941  1319  1997 I am_cpu  : [3867,0,kworker/u9:2-ipa_power_mgmt,201463,0,20]
06-05 07:41:17.941  1319  1997 I am_cpu  : [4272,10057,putmethod.latin,60664,40,100]
06-05 07:41:17.941  1319  1997 I am_cpu  : [4536,10155,arable.systemui,60664,190,160]
06-05 07:41:17.941  1319  1997 I am_cpu  : [4623,10064,id.wearable.app,60664,10,70]
06-05 07:41:17.941  1319  1997 I am_cpu  : [4661,10066,.wearable.sysui,60664,1940,1100]
06-05 07:41:17.941  1319  1997 I am_cpu  : [4816,0,kworker/3:4,74818,0,130]
06-05 07:41:17.941  1319  1997 I am_cpu  : [5245,10132,gle.android.gms,74817,10,60]
06-05 07:41:17.941  1319  1997 I am_cpu  : [5574,10107,it.FitbitMobile,60664,7810,2310]
06-05 07:41:17.941  1319  1997 I am_cpu  : [6471,10112,able.pixel.pdms,60664,10,20]
06-05 07:41:17.941  1319  1997 I am_cpu  : [7034,10133,com.qti.phone,74816,10,20]
06-05 07:41:17.941  1319  1997 I am_cpu  : [7086,10073,id.ext.services,60664,10,30]
06-05 07:41:17.941  1319  1997 I am_cpu  : [7191,10067,rable.assistant,60664,80,180]
06-05 07:41:17.941  1319  1997 I am_cpu  : [7228,10132,.gms.persistent,60664,5030,1980]
06-05 07:41:17.941  1319  1997 I am_cpu  : [8169,0,kworker/u8:0-memlat_wq,60663,0,80]
06-05 07:41:17.941  1319  1997 I am_cpu  : [8192,0,kworker/u8:1-memlat_wq,74816,0,40]
06-05 07:41:17.941  1319  1997 I am_cpu  : [8388,10185,mpanion.android,128673,2780,1100]
06-05 07:41:17.941  1319  1997 I am_cpu  : [8534,0,kworker/u8:2-memlat_wq,74816,0,230]
06-05 07:41:17.942  1319  1997 I am_cpu  : [8943,0,kworker/u8:3-events_unbound,74815,0,70]
06-05 07:41:17.942  1319  1997 I am_cpu  : [8944,0,kworker/u8:4-events_unbound,60662,0,40]
06-05 07:41:17.942  1319  1997 I am_cpu  : [8945,0,kworker/u8:5-events_unbound,74815,0,30]
06-05 07:41:17.942  1319  1997 I am_cpu  : [8946,0,kworker/u8:6-events_unbound,74815,0,50]
06-05 07:41:17.942  1319  1997 I am_cpu  : [8949,0,kworker/u8:9-events_unbound,60662,0,200]
06-05 07:41:17.942  1319  1997 I am_cpu  : [8950,0,kworker/u8:10-events_unbound,74813,0,30]
06-05 07:41:17.942  1319  1997 I am_cpu  : [8951,0,kworker/u8:11-events_unbound,60661,0,140]
06-05 07:41:17.942  1319  1997 I am_cpu  : [8952,0,kworker/u8:12-events_unbound,60661,0,140]
06-05 07:41:17.942  1319  1997 I am_cpu  : [8953,0,kworker/u8:13-events_unbound,60661,0,40]
06-05 07:41:17.942  1319  1997 I am_cpu  : [8954,0,kworker/u8:14-events_unbound,60661,0,40]
06-05 07:41:17.942  1319  1997 I am_cpu  : [8955,0,kworker/u8:15-events_unbound,74813,0,200]
06-05 07:41:17.942  1319  1997 I am_cpu  : [8956,0,kworker/u8:16-events_unbound,60662,0,190]
06-05 07:41:17.942  1319  1997 I am_cpu  : [8957,0,kworker/u8:17-events_unbound,74813,0,70]
06-05 07:41:17.942  1319  1997 I am_cpu  : [8959,0,kworker/u8:19-events_unbound,74813,0,230]
06-05 07:41:17.942  1319  1997 I am_cpu  : [8960,0,kworker/u8:20-events_unbound,74813,0,200]
06-05 07:41:17.942  1319  1997 I am_cpu  : [8990,0,kworker/u8:24-events_unbound,74813,0,70]
06-05 07:41:17.942  1319  1997 I am_cpu  : [9009,0,kworker/2:10H-kverityd,281279,0,10]
06-05 07:41:17.942  1319  1997 I am_cpu  : [9710,10152,ectivitymonitor,74813,0,20]
06-05 07:41:17.942  1319  1997 I am_cpu  : [9742,0,kworker/1:15H-kverityd,74813,0,50]
06-05 07:41:17.942  1319  1997 I am_cpu  : [11114,0,kworker/0:9H-kverityd,60661,0,80]
06-05 07:41:17.942  1319  1997 I am_cpu  : [11559,1020,mdnsd,74813,10,30]
06-05 07:41:17.942  1319  1997 I am_cpu  : [11627,10062,.media.sessions,60661,20,70]
06-05 07:41:17.942  1319  1997 I am_cpu  : [11701,0,kworker/3:8H-kverityd,60661,0,60]
06-05 07:41:17.943  1319  1997 I am_cpu  : [11703,0,kworker/3:11H-kverityd,60661,0,130]
06-05 07:41:17.943  1319  1997 I am_cpu  : [11972,0,kworker/u8:22-events_unbound,60661,0,180]
06-05 07:41:17.943  1319  1997 I am_cpu  : [12324,0,kworker/1:2-pm,74812,0,40]
06-05 07:41:17.943  1319  1997 I am_cpu  : [12356,0,kworker/2:2,60661,0,70]
06-05 07:41:17.943  1319  1997 I am_cpu  : [12841,0,kworker/0:2-events,60661,0,90]
06-05 07:41:17.943  1319  1997 I am_cpu  : [13177,0,kworker/u8:8-events_unbound,60661,0,90]
06-05 07:41:17.943  1319  1997 I am_cpu  : [13343,0,kworker/2:6H-kverityd,60660,0,60]
06-05 07:41:17.943  1319  1997 I am_cpu  : [13479,0,kworker/3:13H-kverityd,74810,0,30]
06-05 07:41:17.943  1319  1997 I am_cpu  : [13482,0,kworker/3:1-sdhci_msm_generic_swq,60660,0,10]
06-05 07:41:17.943  1319  1997 I am_cpu  : [13507,0,binder:13507_2,60660,30,150]
06-05 07:41:17.943  1319  1997 I am_cpu  : [13625,0,kworker/1:0,60660,0,20]
06-05 07:41:17.943  1319  1997 I am_cpu  : [13627,0,iptables-restor,60659,10,10]
06-05 07:41:17.943  1319  1997 I am_cpu  : [13628,0,ip6tables-resto,74810,10,30]
06-05 07:41:17.943  1319  1997 I am_cpu  : [13691,10095,ndroid.calendar,60660,20,130]
06-05 07:41:17.943  1319  1997 I am_cpu  : [13830,10080,ogle.android.gm,60660,30,190]
06-05 07:41:17.943  1319  1997 I am_cpu  : [13981,0,kworker/3:16H-kblockd,128669,0,70]
06-05 07:41:17.943  1319  1997 I am_cpu  : [13983,0,kworker/3:18H,74810,0,30]
06-05 07:41:17.943  1319  1997 I am_cpu  : [13984,0,kworker/3:19H,74810,0,30]
06-05 07:41:17.943  1319  1997 I am_cpu  : [14243,10117,id.GoogleCamera,0,0,0]
06-05 07:41:17.943  1319  1997 I am_cpu  : [14280,0,kworker/u8:18,0,0,0]
06-05 07:41:17.943  1319  1997 I am_cpu  : [16772,10050,gle.android.tts,74810,10,10]
06-05 07:41:17.943  1319  1997 I am_cpu  : [17353,0,kworker/u8:23-events_unbound,74810,0,90]
06-05 07:41:17.943  1319  1997 I am_cpu  : [22608,0,kworker/u8:21-events_unbound,74811,0,150]
06-05 07:41:17.943  1319  1997 I am_cpu  : [31232,2000,diag_mdlog,60660,0,20]
06-05 07:41:24.883  7228 14241 I c2dm    : [-7,,5,5]
06-05 07:41:44.950  7228 14241 I gtalk_conn_close: [1812,1418]
06-05 07:43:27.924  7228 14287 I c2dm    : [-2,,1,1]
06-05 07:43:28.094  7228 14287 I gtalk_heartbeat_reset: [459352,142.251.167.188:5228]
06-05 07:43:28.098  7228 14287 I gtalk_connection: 0
06-05 07:43:49.823  1319  2072 I am_freeze: [13830,com.google.android.gm]
06-05 07:43:49.875  1319  1591 I dvm_lock_sample: [system_server,1,android.anim,5,go/retraceme e692cb518c4bef8aad1a205a9c960701d0ecc17ba319870202754d67697c4948,10,void com.android.server.wm.InputMonitor$UpdateInputWindows.run(),-,57,void com.android.server.wm.RootWindowContainer.onDisplayChanged(int),1]
06-05 07:43:49.944  1319  2072 I am_compact: [13830,com.google.android.gm,ANON,69508,52856,16396,39748,-13440,-7680,-5760,5632,119,FULL,54056260,905,19,335080,-1240]
06-05 07:43:50.228  1319  2070 I commit_sys_config_file: [settings-1-0,5]
06-05 07:43:52.211  1319  2330 I dvm_lock_sample: [system_server,0,binder:1319_B,2251,go/retraceme 89603491740b48bbc0e4e3d83afb599b536dc4311d9567e5069d9647d9214d1d,3,void com.android.clockwork.displayoffload.BaseOffloadLayout.addStatusBar(com.google.android.clockwork.ambient.offload.types.TranslationGroup, com.google.android.clockwork.ambient.offload.types.BitmapResource),-,97,void com.android.clockwork.displayoffload.BaseOffloadLayout.sendToHal(com.android.clockwork.displayoffload.HalAdapter),100]
06-05 07:43:52.214  1319  1319 I dvm_lock_sample: [system_server,0,main,1255,go/retraceme 89603491740b48bbc0e4e3d83afb599b536dc4311d9567e5069d9647d9214d1d,5,void com.android.clockwork.displayoffload.OffloadLayoutManager.releaseLayoutTimeoutWakeLock(boolean),-,68,void com.android.clockwork.displayoffload.OffloadLayoutManager.releaseLayoutTimeoutWakeLock(boolean),100]
06-05 07:43:52.249  1319  1985 I commit_sys_config_file: [display-state,19]
06-05 07:43:52.575  1319  2072 I am_freeze: [5574,com.fitbit.FitbitMobile]
06-05 07:43:52.915  1319  2072 I am_compact: [5574,com.fitbit.FitbitMobile,ANON,108792,74008,34308,46804,-36608,-12672,-23936,23936,338,FULL,54112930,900,16,336320,-10364]
06-05 07:43:55.180  1319  1985 I commit_sys_config_file: [display-state,19]
06-05 07:44:14.256  1319  1319 I screen_toggled: 1
06-05 07:44:14.264  1319  2010 I sysui_multi_action: [757,1696,758,6,759,3]
06-05 07:44:14.268  1319  2082 I input_interaction: Interaction with: 3b344d3 com.google.android.wearable.sysui/com.google.android.wearable.sysui.mainui.activity.SysUiActivity, 6f96823 com.google.android.wearable.watchface.bbb.BBBWatchFaceService, [Gesture Monitor] edge-swipe, PointerEventDispatcher0, 
06-05 07:44:14.275  1319  1319 I power_screen_broadcast_send: 1
06-05 07:44:14.309  1319  1319 I device_idle: [0,screen]
06-05 07:44:14.309  1319  1319 I device_idle_light: [0,screen]
06-05 07:44:14.313  1319  2060 I device_idle_off_start: screen
06-05 07:44:14.313  1319  2060 I device_idle_off_phase: power
06-05 07:44:14.314  1319  2060 I device_idle_off_phase: net
06-05 07:44:14.315  1319  2060 I device_idle_off_complete: 
06-05 07:44:14.386  1319  1985 I commit_sys_config_file: [display-state,15]
06-05 07:44:14.434  1319  1319 I sysui_multi_action: [757,198,758,1,759,1,1359,321,1694,7]
06-05 07:44:14.434  1319  1319 I power_screen_state: [1,0,0,0,321]
06-05 07:44:14.444  1319  1586 I sysui_multi_action: [757,223,758,2]
06-05 07:44:14.444  1319  1586 I sysui_multi_action: [757,804,799,dozing_minutes,801,9,802,1]
06-05 07:44:14.622  1319  2070 I commit_sys_config_file: [settings-1-0,67]
06-05 07:44:14.750  1319  2072 I am_unfreeze: [5574,com.fitbit.FitbitMobile,6]
06-05 07:44:14.757  1319  1986 I dvm_lock_sample: [system_server,1,ActivityManager,21,go/retraceme e692cb518c4bef8aad1a205a9c960701d0ecc17ba319870202754d67697c4948,6,void com.android.server.am.BroadcastQueueImpl.handleProcessFreezableChanged(com.android.server.am.ProcessRecord),-,17,int com.android.server.am.ActivityManagerService.bindServiceInstance(android.app.IApplicationThread, android.os.IBinder, android.content.Intent, java.lang.String, android.app.IServiceConnection, long, java.lang.String, boolean, int, java.lang.String, com.android.server.am.ApplicationThreadDeferred, java.lang.String, int),4]
06-05 07:44:14.813  1319  2070 I commit_sys_config_file: [settings-1-0,27]
06-05 07:44:14.886  1319  1586 I power_screen_broadcast_done: [1,611,1]
06-05 07:44:14.893  1319  1986 I am_wtf  : [0,1319,system_server,-1,AlarmManager,Attempt to decrement existing alarm count 0 by 1 for uid 1000]
06-05 07:44:15.862  7228 14287 I c2dm    : [-7,,4,3]
06-05 07:44:16.734  1319  2146 I dvm_lock_sample: [system_server,0,binder:1319_6,1964,go/retraceme 89603491740b48bbc0e4e3d83afb599b536dc4311d9567e5069d9647d9214d1d,31,void com.android.clockwork.displayoffload.DisplayOffloadService$BinderService.clearResource(int),-,85,void com.android.clockwork.displayoffload.DisplayControlManager.updateOffloadStateLocked(int),100]
06-05 07:44:24.439  5574 14146 I dvm_lock_sample: [com.fitbit.FitbitMobile,1,Blocking Thread #179,684,PG,29,agww afqq.c(afqc, java.util.Set),-,34,agww afqq.c(afqc, java.util.Set),100]
06-05 07:44:24.439  5574 13616 I dvm_lock_sample: [com.fitbit.FitbitMobile,1,Blocking Thread #169,678,PG,29,agww afqq.c(afqc, java.util.Set),-,34,agww afqq.c(afqc, java.util.Set),100]
06-05 07:44:24.453  5574 14148 I dvm_lock_sample: [com.fitbit.FitbitMobile,1,Blocking Thread #181,675,PG,29,agww afqq.c(afqc, java.util.Set),-,34,agww afqq.c(afqc, java.util.Set),100]
06-05 07:44:24.455  5574 14147 I dvm_lock_sample: [com.fitbit.FitbitMobile,0,Blocking Thread #180,683,PG,29,agww afqq.c(afqc, java.util.Set),-,34,agww afqq.c(afqc, java.util.Set),100]
06-05 07:44:24.458  5574 14361 I dvm_lock_sample: [com.fitbit.FitbitMobile,0,Blocking Thread #191,677,PG,29,agww afqq.c(afqc, java.util.Set),-,34,agww afqq.c(afqc, java.util.Set),100]
06-05 07:44:24.460  5574 14365 I dvm_lock_sample: [com.fitbit.FitbitMobile,0,Blocking Thread #194,654,PG,29,agww afqq.c(afqc, java.util.Set),-,34,agww afqq.c(afqc, java.util.Set),100]
06-05 07:44:24.466  5574 14364 I dvm_lock_sample: [com.fitbit.FitbitMobile,0,Blocking Thread #193,653,PG,29,agww afqq.c(afqc, java.util.Set),-,34,agww afqq.c(afqc, java.util.Set),100]
06-05 07:44:24.468  5574 14363 I dvm_lock_sample: [com.fitbit.FitbitMobile,0,Blocking Thread #192,643,PG,29,agww afqq.c(afqc, java.util.Set),-,34,agww afqq.c(afqc, java.util.Set),100]
06-05 07:44:24.471  5574 14358 I dvm_lock_sample: [com.fitbit.FitbitMobile,0,Blocking Thread #188,541,PG,29,agww afqq.c(afqc, java.util.Set),-,34,agww afqq.c(afqc, java.util.Set),100]
06-05 07:44:24.471  5574 14360 I dvm_lock_sample: [com.fitbit.FitbitMobile,0,Blocking Thread #190,524,PG,29,agww afqq.c(afqc, java.util.Set),-,34,agww afqq.c(afqc, java.util.Set),100]
06-05 07:44:24.473  5574 14357 I dvm_lock_sample: [com.fitbit.FitbitMobile,0,Blocking Thread #186,436,PG,29,agww afqq.c(afqc, java.util.Set),-,34,agww afqq.c(afqc, java.util.Set),87]
06-05 07:44:29.089  1319  2072 I am_freeze: [14243,com.google.android.GoogleCamera]
06-05 07:44:29.113  1319  2010 I power_sleep_requested: 0
06-05 07:44:29.135  1319  1586 I sysui_multi_action: [757,223,758,1]
06-05 07:44:29.172  1319  2072 I am_compact: [14243,com.google.android.GoogleCamera,ANON,58736,43548,14932,34256,-4992,-1280,-3712,3840,81,SOME,0,905,19,339584,-568]
06-05 07:44:29.186  1319  2010 I sysui_multi_action: [757,1696,758,6,759,1]
06-05 07:44:29.188  1319  1319 I screen_toggled: 0
06-05 07:44:29.188  1319  1319 I sysui_multi_action: [757,804,799,screen_timeout,801,15,802,1]
06-05 07:44:29.188  1319  1319 I sysui_multi_action: [757,1594,758,4,759,-2147483648,1359,14755]
06-05 07:44:29.188  1319  1319 I sysui_multi_action: [757,198,758,2,759,3,1359,81,1695,2]
06-05 07:44:29.188  1319  1319 I power_screen_state: [0,3,0,0,81]
06-05 07:44:29.192  1319  1319 I power_screen_broadcast_send: 1
06-05 07:44:29.269  1319  1319 I device_idle: [1,no activity]
06-05 07:44:29.269  1319  1319 I device_idle_light: [1,no activity]
06-05 07:44:29.420  1319  1586 I power_screen_broadcast_done: [0,228,1]
06-05 07:44:29.457  1319  2070 I commit_sys_config_file: [settings-1-0,66]
06-05 07:44:29.560  1319  1985 I commit_sys_config_file: [display-state,10]
06-05 07:44:29.668  1319  1986 I am_uid_idle: 10185
06-05 07:44:29.676  1319  1986 I am_uid_idle: 10095
06-05 07:44:46.319  1319  2488 I battery_level: [81,4170,268]
06-05 07:44:46.393  1319  1997 I am_cpu  : [1,0,init,28770,10,50]
06-05 07:44:46.394  1319  1997 I am_cpu  : [16,0,rcu_preempt,28770,0,40]
06-05 07:44:46.394  1319  1997 I am_cpu  : [17,0,rcuog/0,28771,0,20]
06-05 07:44:46.394  1319  1997 I am_cpu  : [18,0,rcuop/0,28771,0,20]
06-05 07:44:46.394  1319  1997 I am_cpu  : [31,0,rcuop/1,28771,0,30]
06-05 07:44:46.394  1319  1997 I am_cpu  : [38,0,rcuog/2,28771,0,30]
06-05 07:44:46.394  1319  1997 I am_cpu  : [39,0,rcuop/2,28770,0,20]
06-05 07:44:46.394  1319  1997 I am_cpu  : [43,0,ksoftirqd/3,28771,0,60]
06-05 07:44:46.394  1319  1997 I am_cpu  : [46,0,rcuop/3,28771,0,20]
06-05 07:44:46.394  1319  1997 I am_cpu  : [62,0,kswapd0,28771,0,2100]
06-05 07:44:46.394  1319  1997 I am_cpu  : [92,0,glink-rpm_requests,28774,0,310]
06-05 07:44:46.394  1319  1997 I am_cpu  : [128,0,kgsl-events,28774,0,30]
06-05 07:44:46.394  1319  1997 I am_cpu  : [137,0,kgsl_dispatcher,28774,0,70]
06-05 07:44:46.394  1319  1997 I am_cpu  : [138,0,crtc_commit:87,28774,0,270]
06-05 07:44:46.394  1319  1997 I am_cpu  : [139,0,crtc_event:87,28774,0,70]
06-05 07:44:46.394  1319  1997 I am_cpu  : [146,0,qseecom-unload-ta,103640,0,10]
06-05 07:44:46.394  1319  1997 I am_cpu  : [215,0,init,28774,10,10]
06-05 07:44:46.394  1319  1997 I am_cpu  : [216,0,ueventd,28774,20,20]
06-05 07:44:46.394  1319  1997 I am_cpu  : [328,1013,audioadsprpcd,28773,0,10]
06-05 07:44:46.394  1319  1997 I am_cpu  : [329,1036,logd,28774,270,710]
06-05 07:44:46.394  1319  1997 I am_cpu  : [330,1069,lmkd,28774,10,40]
06-05 07:44:46.395  1319  1997 I am_cpu  : [331,1000,servicemanager,28774,40,0]
06-05 07:44:46.395  1319  1997 I am_cpu  : [338,1000,qseecomd,28773,0,10]
06-05 07:44:46.395  1319  1997 I am_cpu  : [340,1000,android.hardwar,28774,20,420]
06-05 07:44:46.395  1319  1997 I am_cpu  : [391,0,irq/125-4520300.qcom,bwmon-ddr,28774,0,200]
06-05 07:44:46.395  1319  1997 I am_cpu  : [413,0,autobahn_proxy,28774,0,1220]
06-05 07:44:46.395  1319  1997 I am_cpu  : [414,0,autobahn_mac_initiator,28774,0,3940]
06-05 07:44:46.395  1319  1997 I am_cpu  : [422,0,gbms_virt_stora,28774,0,10]
06-05 07:44:46.395  1319  1997 I am_cpu  : [425,1000,pixelstats-vend,28774,10,20]
06-05 07:44:46.395  1319  1997 I am_cpu  : [430,1000,android.system.,28775,50,1250]
06-05 07:44:46.395  1319  1997 I am_cpu  : [431,1017,binder:431_2,28775,40,50]
06-05 07:44:46.395  1319  1997 I am_cpu  : [454,1000,binder:454_2,166136,0,10]
06-05 07:44:46.395  1319  1997 I am_cpu  : [456,1000,sscrpcd,28774,0,10]
06-05 07:44:46.395  1319  1997 I am_cpu  : [517,0,f2fs_ckpt-254:57,28775,0,90]
06-05 07:44:46.395  1319  1997 I am_cpu  : [526,0,android.hardwar,28775,10,10]
06-05 07:44:46.395  1319  1997 I am_cpu  : [531,1000,surfaceflinger,28774,1620,1370]
06-05 07:44:46.395  1319  1997 I am_cpu  : [539,1000,binder:539_2,28774,580,960]
06-05 07:44:46.395  1319  1997 I am_cpu  : [556,1058,tombstoned,166121,0,10]
06-05 07:44:46.395  1319  1997 I am_cpu  : [710,0,binder:710_2,28773,240,210]
06-05 07:44:46.395  1319  1997 I am_cpu  : [739,0,binder:739_3,28773,20,100]
06-05 07:44:46.395  1319  1997 I am_cpu  : [741,1066,binder:741_3,28773,170,100]
06-05 07:44:46.395  1319  1997 I am_cpu  : [889,1000,ssgtzd,28772,0,10]
06-05 07:44:46.395  1319  1997 I am_cpu  : [890,1000,diag-router,28771,0,10]
06-05 07:44:46.395  1319  1997 I am_cpu  : [892,1002,binder:892_2,28771,470,630]
06-05 07:44:46.395  1319  1997 I am_cpu  : [897,1080,android.hardwar,28772,0,10]
06-05 07:44:46.395  1319  1997 I am_cpu  : [908,1021,binder:908_2,28772,0,10]
06-05 07:44:46.395  1319  1997 I am_cpu  : [909,1000,android.hardwar,28771,0,10]
06-05 07:44:46.395  1319  1997 I am_cpu  : [911,1000,android.hardwar,28772,0,70]
06-05 07:44:46.395  1319  1997 I am_cpu  : [912,1000,android.hardwar,28772,0,10]
06-05 07:44:46.395  1319  1997 I am_cpu  : [933,1001,vendor.google.r,28772,0,10]
06-05 07:44:46.395  1319  1997 I am_cpu  : [949,1000,binder:949_2,28772,50,50]
06-05 07:44:46.395  1319  1997 I am_cpu  : [1204,9999,traced,28772,0,10]
06-05 07:44:46.395  1319  1997 I am_cpu  : [1249,1067,binder:1249_2,166069,0,10]
06-05 07:44:46.395  1319  1997 I am_cpu  : [1278,0,storaged,28772,1180,870]
06-05 07:44:46.395  1319  1997 I am_cpu  : [1281,0,sysproxyd,28771,0,30]
06-05 07:44:46.396  1319  1997 I am_cpu  : [1286,1000,binder:1286_4,28772,0,20]
06-05 07:44:46.396  1319  1997 I am_cpu  : [1287,1001,binder:1287_2,28772,0,10]
06-05 07:44:46.396  1319  1997 I am_cpu  : [1290,1001,ipacm-diag,157449,0,10]
06-05 07:44:46.396  1319  1997 I am_cpu  : [1292,1001,binder:1292_2,28772,0,70]
06-05 07:44:46.396  1319  1997 I am_cpu  : [1300,1001,port-bridge,103614,0,10]
06-05 07:44:46.396  1319  1997 I am_cpu  : [1310,1001,binder:1310_2,28772,20,10]
06-05 07:44:46.396  1319  1997 I am_cpu  : [1319,1000,system_server,28772,1950,2090]
06-05 07:44:46.396  1319  1997 I am_cpu  : [1368,1021,xtra-daemon,28772,0,10]
06-05 07:44:46.396  1319  1997 I am_cpu  : [1376,1080,chre,28772,40,70]
06-05 07:44:46.396  1319  1997 I am_cpu  : [1390,1001,main,28772,10,30]
06-05 07:44:46.396  1319  1997 I am_cpu  : [1410,1000,binder:1410_2,28772,280,740]
06-05 07:44:46.396  1319  1997 I am_cpu  : [1564,1036,logcat,28772,230,200]
06-05 07:44:46.396  1319  1997 I am_cpu  : [1577,1000,hvdcp_opti,28772,10,20]
06-05 07:44:46.396  1319  1997 I am_cpu  : [1585,1000,android.hardwar,28772,20,50]
06-05 07:44:46.396  1319  1997 I am_cpu  : [1868,1000,android.hardwar,28773,30,70]
06-05 07:44:46.396  1319  1997 I am_cpu  : [1992,0,psimon,28772,0,20]
06-05 07:44:46.396  1319  1997 I am_cpu  : [2250,1000,e.wear.services,28772,460,170]
06-05 07:44:46.396  1319  1997 I am_cpu  : [2309,10124,e.watchface.rwf,28772,6000,1250]
06-05 07:44:46.396  1319  1997 I am_cpu  : [2339,1073,rkstack.process,28772,10,20]
06-05 07:44:46.396  1319  1997 I am_cpu  : [2355,1002,droid.bluetooth,28772,470,580]
06-05 07:44:46.396  1319  1997 I am_cpu  : [2398,2918,.cacertservice,28772,0,10]
06-05 07:44:46.396  1319  1997 I am_cpu  : [2421,10153,oid.grilservice,28772,0,10]
06-05 07:44:46.397  1319  1997 I am_cpu  : [2424,10148,.codeaurora.ims,28772,0,10]
06-05 07:44:46.397  1319  1997 I am_cpu  : [2521,1027,gle.android.nfc,28772,10,10]
06-05 07:44:46.397  1319  1997 I am_cpu  : [2522,10098,qtidataservices,28772,10,10]
06-05 07:44:46.397  1319  1997 I am_cpu  : [2540,1001,m.android.phone,28773,100,110]
06-05 07:44:46.397  1319  1997 I am_cpu  : [2810,0,msm_irqbalance,28772,0,10]
06-05 07:44:46.397  1319  1997 I am_cpu  : [2830,1000,droid.satellite,28772,0,10]
06-05 07:44:46.397  1319  1997 I am_cpu  : [2838,0,thermal-engine-,28772,10,80]
06-05 07:44:46.397  1319  1997 I am_cpu  : [2970,10116,roid.apps.scone,28773,20,120]
06-05 07:44:46.397  1319  1997 I am_cpu  : [3095,10056,.healthservices,28772,340,140]
06-05 07:44:46.397  1319  1997 I am_cpu  : [3336,10164,rs.media.module,28772,0,20]
06-05 07:44:46.397  1319  1997 I am_cpu  : [3447,1000,RestartDetector,28772,0,10]
06-05 07:44:46.397  1319  1997 I am_cpu  : [3451,10159,oid.pixellogger,28772,0,10]
06-05 07:44:46.397  1319  1997 I am_cpu  : [3568,1041,audioserver,28772,20,10]
06-05 07:44:46.397  1319  1997 I am_cpu  : [3569,1041,binder:3569_2,28772,10,20]
06-05 07:44:46.397  1319  1997 I am_cpu  : [3580,1000,ttings.provider,89436,0,10]
06-05 07:44:46.397  1319  1997 I am_cpu  : [4272,10057,putmethod.latin,28772,0,60]
06-05 07:44:46.398  1319  1997 I am_cpu  : [4536,10155,arable.systemui,28772,50,90]
06-05 07:44:46.398  1319  1997 I am_cpu  : [4623,10064,id.wearable.app,28772,10,10]
06-05 07:44:46.398  1319  1997 I am_cpu  : [4661,10066,.wearable.sysui,28772,290,230]
06-05 07:44:46.398  1319  1997 I am_cpu  : [4816,0,kworker/3:4,28772,0,70]
06-05 07:44:46.398  1319  1997 I am_cpu  : [5245,10132,gle.android.gms,28772,30,30]
06-05 07:44:46.398  1319  1997 I am_cpu  : [5574,10107,it.FitbitMobile,28772,10000,2500]
06-05 07:44:46.398  1319  1997 I am_cpu  : [6471,10112,able.pixel.pdms,28772,10,30]
06-05 07:44:46.398  1319  1997 I am_cpu  : [7034,10133,com.qti.phone,28772,0,10]
06-05 07:44:46.398  1319  1997 I am_cpu  : [7191,10067,rable.assistant,28772,1450,640]
06-05 07:44:46.398  1319  1997 I am_cpu  : [7228,10132,.gms.persistent,28772,2030,1180]
06-05 07:44:46.398  1319  1997 I am_cpu  : [8169,0,kworker/u8:0-memlat_wq,28772,0,10]
06-05 07:44:46.398  1319  1997 I am_cpu  : [8192,0,kworker/u8:1-memlat_wq,28772,0,300]
06-05 07:44:46.398  1319  1997 I am_cpu  : [8534,0,kworker/u8:2-memlat_wq,28772,0,20]
06-05 07:44:46.398  1319  1997 I am_cpu  : [8943,0,kworker/u8:3-events_unbound,28772,0,190]
06-05 07:44:46.398  1319  1997 I am_cpu  : [8944,0,kworker/u8:4-events_unbound,28772,0,10]
06-05 07:44:46.398  1319  1997 I am_cpu  : [8945,0,kworker/u8:5-events_unbound,28772,0,120]
06-05 07:44:46.398  1319  1997 I am_cpu  : [8946,0,kworker/u8:6-events_unbound,28772,0,140]
06-05 07:44:46.399  1319  1997 I am_cpu  : [8949,0,kworker/u8:9-events_unbound,28772,0,20]
06-05 07:44:46.399  1319  1997 I am_cpu  : [8950,0,kworker/u8:10-events_unbound,28772,0,20]
06-05 07:44:46.399  1319  1997 I am_cpu  : [8951,0,kworker/u8:11-events_unbound,28772,0,20]
06-05 07:44:46.399  1319  1997 I am_cpu  : [8952,0,kworker/u8:12-events_unbound,28772,0,10]
06-05 07:44:46.399  1319  1997 I am_cpu  : [8953,0,kworker/u8:13-events_unbound,28773,0,20]
06-05 07:44:46.399  1319  1997 I am_cpu  : [8954,0,kworker/u8:14-events_unbound,28773,0,10]
06-05 07:44:46.399  1319  1997 I am_cpu  : [8955,0,kworker/u8:15-events_unbound,28772,0,20]
06-05 07:44:46.399  1319  1997 I am_cpu  : [8956,0,kworker/u8:16-events_unbound,28772,0,30]
06-05 07:44:46.399  1319  1997 I am_cpu  : [8957,0,kworker/u8:17-events_unbound,28772,0,200]
06-05 07:44:46.399  1319  1997 I am_cpu  : [8959,0,kworker/u8:19-events_unbound,28772,0,30]
06-05 07:44:46.399  1319  1997 I am_cpu  : [8960,0,kworker/u8:20-events_unbound,28772,0,10]
06-05 07:44:46.399  1319  1997 I am_cpu  : [8990,0,kworker/u8:24-events_unbound,28772,0,10]
06-05 07:44:46.399  1319  1997 I am_cpu  : [9009,0,kworker/2:10H-kverityd,28772,0,10]
06-05 07:44:46.399  1319  1997 I am_cpu  : [9742,0,kworker/1:15H-kverityd,28772,0,30]
06-05 07:44:46.399  1319  1997 I am_cpu  : [11114,0,kworker/0:9H-kverityd,28773,0,40]
06-05 07:44:46.399  1319  1997 I am_cpu  : [11627,10062,.media.sessions,28772,10,30]
06-05 07:44:46.399  1319  1997 I am_cpu  : [11701,0,kworker/3:8H-kverityd,28772,0,70]
06-05 07:44:46.399  1319  1997 I am_cpu  : [11703,0,kworker/3:11H-kverityd,28773,0,10]
06-05 07:44:46.399  1319  1997 I am_cpu  : [11814,0,kworker/3:12H-kverityd,103584,0,10]
06-05 07:44:46.399  1319  1997 I am_cpu  : [11972,0,kworker/u8:22-events_unbound,28772,0,20]
06-05 07:44:46.399  1319  1997 I am_cpu  : [12324,0,kworker/1:2-pm,28772,0,20]
06-05 07:44:46.399  1319  1997 I am_cpu  : [12356,0,kworker/2:2,28772,0,20]
06-05 07:44:46.399  1319  1997 I am_cpu  : [12841,0,kworker/0:2-events,28772,0,40]
06-05 07:44:46.399  1319  1997 I am_cpu  : [13177,0,kworker/u8:8-events_unbound,28772,0,30]
06-05 07:44:46.399  1319  1997 I am_cpu  : [13479,0,kworker/3:13H-kverityd,28772,0,30]
06-05 07:44:46.399  1319  1997 I am_cpu  : [13482,0,kworker/3:1-sdhci_msm_generic_swq,28772,0,10]
06-05 07:44:46.399  1319  1997 I am_cpu  : [13507,0,binder:13507_2,28772,110,270]
06-05 07:44:46.399  1319  1997 I am_cpu  : [13627,0,iptables-restor,28773,0,10]
06-05 07:44:46.399  1319  1997 I am_cpu  : [13830,10080,ogle.android.gm,28772,0,10]
06-05 07:44:46.399  1319  1997 I am_cpu  : [13981,0,kworker/3:16H-kblockd,28773,0,30]
06-05 07:44:46.399  1319  1997 I am_cpu  : [13983,0,kworker/3:18H,28773,0,30]
06-05 07:44:46.399  1319  1997 I am_cpu  : [14243,10117,id.GoogleCamera,28772,10,10]
06-05 07:44:46.399  1319  1997 I am_cpu  : [16772,10050,gle.android.tts,28772,0,10]
06-05 07:44:46.400  1319  1997 I am_cpu  : [17353,0,kworker/u8:23-events_unbound,28772,0,20]
06-05 07:44:46.400  1319  1997 I am_cpu  : [22608,0,kworker/u8:21-events_unbound,28771,0,30]
06-05 07:44:46.524  1319  1997 I commit_sys_config_file: [batterystats,15]
06-05 07:44:46.566  1319  1319 I sysui_multi_action: [757,803,799,sth_generic_recognition_event,802,1]
06-05 07:44:46.595  1319  1319 I screen_toggled: 1
06-05 07:44:46.603  1319  2010 I sysui_multi_action: [757,1696,758,6,759,3]
06-05 07:44:46.606  1319  1319 I power_screen_broadcast_send: 1
06-05 07:44:46.624  1319  1319 I dvm_lock_sample: [system_server,0,main,5,go/retraceme e692cb518c4bef8aad1a205a9c960701d0ecc17ba319870202754d67697c4948,35,void com.android.server.am.ActivityManagerService.finishReceiver(android.os.IBinder, int, java.lang.String, android.os.Bundle, boolean, int),-,10,void com.android.server.am.BroadcastQueueImpl.updateRunningList(),1]
06-05 07:44:46.657  1319  1319 I device_idle: [0,screen]
06-05 07:44:46.659  1319  1319 I device_idle_light: [0,screen]
06-05 07:44:46.660  1319  2060 I device_idle_off_start: screen
06-05 07:44:46.660  1319  2060 I device_idle_off_complete: 
06-05 07:44:46.802  1319  1319 I sysui_multi_action: [757,198,758,1,759,2,1359,177,1694,2]
06-05 07:44:46.825  1319  1586 I sysui_multi_action: [757,223,758,2]
06-05 07:44:46.825  1319  1586 I sysui_multi_action: [757,804,799,dozing_minutes,801,0,802,1]
06-05 07:44:46.844  1319  1319 I power_screen_state: [1,0,0,0,177]
06-05 07:44:46.847  4536  4536 I dvm_lock_sample: [com.google.android.apps.wearable,1,main,11,MessageQueue.java,915,android.os.Message android.os.MessageQueue.nextLegacy(),-,1388,boolean android.os.MessageQueue.enqueueMessageLegacy(android.os.Message, long),2]
06-05 07:44:46.910  1319  2070 I commit_sys_config_file: [settings-1-0,54]
06-05 07:44:46.929  1319  1586 I power_screen_broadcast_done: [1,324,1]
06-05 07:44:47.127  1319  1985 I commit_sys_config_file: [display-state,6]
06-05 07:44:47.375  1319  2072 I am_freeze: [5574,com.fitbit.FitbitMobile]
06-05 07:44:47.859  1319  2072 I am_compact: [5574,com.fitbit.FitbitMobile,ANON,145388,95768,49216,38988,-60160,-21120,-39040,38912,482,FULL,54136895,910,16,341532,-15792]
06-05 07:44:48.044  1319  2108 I sysui_multi_action: [757,803,799,sth_start_recognition,802,1]
06-05 07:44:48.174  1319  2108 I sysui_multi_action: [757,803,799,sth_start_recognition_success,802,1]
06-05 07:44:49.054  1319  2072 I am_freeze: [5245,com.google.android.gms]
06-05 07:45:01.597  1319  2010 I power_sleep_requested: 0
06-05 07:45:01.611  1319  1590 I dvm_lock_sample: [system_server,1,android.display,9,go/retraceme e692cb518c4bef8aad1a205a9c960701d0ecc17ba319870202754d67697c4948,23,void com.android.server.am.ProcessRecord.setRunningRemoteAnimation(boolean),-,67,void com.android.server.am.ActivityManagerService$LocalService.onWakefulnessChanged(int),1]
06-05 07:45:01.613  1319  1586 I sysui_multi_action: [757,223,758,1]
06-05 07:45:01.637  1319  2010 I sysui_multi_action: [757,1696,758,6,759,1]
06-05 07:45:01.643  1319  1319 I screen_toggled: 0
06-05 07:45:01.643  1319  1319 I sysui_multi_action: [757,804,799,screen_timeout,801,15,802,1]
06-05 07:45:01.643  1319  1319 I sysui_multi_action: [757,1594,758,4,759,-2147483648,1359,14842]
06-05 07:45:01.643  1319  1319 I sysui_multi_action: [757,198,758,2,759,3,1359,46,1695,2]
06-05 07:45:01.643  1319  1319 I power_screen_state: [0,3,0,0,46]
06-05 07:45:01.646  1319  1319 I power_screen_broadcast_send: 1
06-05 07:45:01.713  1319  1319 I device_idle: [1,no activity]
06-05 07:45:01.714  1319  1319 I device_idle_light: [1,no activity]
06-05 07:45:01.791  1319  1586 I power_screen_broadcast_done: [0,145,1]
06-05 07:45:01.859  1319  2070 I commit_sys_config_file: [settings-1-0,5]
06-05 07:45:02.000  1319  1985 I commit_sys_config_file: [display-state,18]
06-05 07:45:04.920  1319  2013 I dvm_lock_sample: [system_server,0,DisplayOffloadBgThread,77,go/retraceme 89603491740b48bbc0e4e3d83afb599b536dc4311d9567e5069d9647d9214d1d,16,void com.android.clockwork.displayoffload.DisplayOffloadService$6.onDisplayChanged(int),-,7,void com.android.clockwork.displayoffload.DisplayControlManager.updateOffloadState(int),15]
06-05 07:46:14.817  1319  1319 I sysui_multi_action: [757,803,799,sth_generic_recognition_event,802,1]
06-05 07:46:14.857  1319  1319 I screen_toggled: 1
06-05 07:46:14.862  1319  2010 I sysui_multi_action: [757,1696,758,6,759,3]
06-05 07:46:14.871  1319  1319 I power_screen_broadcast_send: 1
06-05 07:46:15.028  1319  1319 I sysui_multi_action: [757,198,758,1,759,2,1359,142,1694,2]
06-05 07:46:15.032  1319  1319 I power_screen_state: [1,0,0,0,142]
06-05 07:46:15.074  1319  1586 I sysui_multi_action: [757,223,758,2]
06-05 07:46:15.074  1319  1586 I sysui_multi_action: [757,804,799,dozing_minutes,801,1,802,1]
06-05 07:46:15.113  1319  2072 I am_unfreeze: [8276,com.google.android.apps.weather,6]
06-05 07:46:15.114  1319  2108 I am_uid_active: 10104
06-05 07:46:15.127  1319  1985 I commit_sys_config_file: [display-state,179]
06-05 07:46:15.204  1319  2070 I commit_sys_config_file: [settings-1-0,73]
06-05 07:46:15.273  1319  1319 I device_idle: [0,screen]
06-05 07:46:15.273  1319  1319 I device_idle_light: [0,screen]
06-05 07:46:15.293  1319  2060 I device_idle_off_start: screen
06-05 07:46:15.294  1319  2060 I device_idle_off_complete: 
06-05 07:46:15.297  1319  2072 I am_unfreeze: [13202,com.strava,6]
06-05 07:46:15.297  1319  4970 I am_uid_active: 10184
06-05 07:46:15.317  1319  2072 I dvm_lock_sample: [system_server,0,CachedAppOptimizerThread,19,go/retraceme e692cb518c4bef8aad1a205a9c960701d0ecc17ba319870202754d67697c4948,23,void com.android.server.am.CachedAppOptimizer$FreezeHandler.reportUnfreeze(com.android.server.am.ProcessRecord, int, int, java.lang.String, int),,0,null,3]
06-05 07:46:15.342  1319  1986 I am_wtf  : [0,1319,system_server,-1,AlarmManager,Attempt to decrement existing alarm count 0 by 1 for uid 1000]
06-05 07:46:15.392  1319  1586 I power_screen_broadcast_done: [1,522,1]
06-05 07:46:15.514  2970  5802 I service_manager_stats: [200,43,980312]
06-05 07:46:17.185  1319  2146 I sysui_multi_action: [757,803,799,sth_start_recognition,802,1]
06-05 07:46:17.206  1319  2146 I sysui_multi_action: [757,803,799,sth_start_recognition_success,802,1]
06-05 07:46:19.280  1319  2146 I wm_task_moved: [5543,5543,0,1,13]
06-05 07:46:19.281  1319  2146 I wm_task_to_front: [0,5543,0]
06-05 07:46:19.282  1319  2146 I wm_focused_root_task: [0,0,5543,1,bringingFoundTaskToFront]
06-05 07:46:19.282  1319  2146 I wm_new_intent: [0,34360719,5543,com.google.android.calendar/com.google.android.apps.calendar.wear.overlay.CalendarWearActivity,android.intent.action.MAIN,NULL,NULL,270532608]
06-05 07:46:19.284  1319  2146 I wm_pause_activity: [0,108490809,com.google.android.wearable.sysui/.mainui.activity.SysUiActivity,userLeaving=true,pauseBackTasks]
06-05 07:46:19.292  4661  4661 I wm_on_top_resumed_lost_called: [108490809,com.google.android.wearable.sysui.mainui.activity.SysUiActivity,topStateChangedWhenResumed]
06-05 07:46:19.316  4661  4661 I wm_on_paused_called: [108490809,com.google.android.wearable.sysui.mainui.activity.SysUiActivity,performPause,8]
06-05 07:46:19.318  1319  2146 I wm_add_to_stopping: [0,108490809,com.google.android.wearable.sysui/.mainui.activity.SysUiActivity,makeInvisible]
06-05 07:46:19.319  1319  2146 I wm_restart_activity: [0,34360719,5543,com.google.android.calendar/com.google.android.apps.calendar.wear.overlay.CalendarWearActivity]
06-05 07:46:19.322  1319  2146 I wm_set_resumed_activity: [0,com.google.android.calendar/com.google.android.apps.calendar.wear.overlay.CalendarWearActivity,realStartActivityLocked - onActivityStateChanged]
06-05 07:46:19.327  1319  1591 I input_focus: [Requesting to set focus to null window,reason=UpdateInputWindows]
06-05 07:46:19.335  1319  1586 I sysui_multi_action: [757,803,799,window_time_0,802,4622]
06-05 07:46:19.348  1319  2072 I am_unfreeze: [13691,com.google.android.calendar,1]
06-05 07:46:19.349  1319  1590 I am_uid_active: 10095
06-05 07:46:19.350  1319  1985 I dvm_lock_sample: [system_server,0,android.bg,21,go/retraceme e692cb518c4bef8aad1a205a9c960701d0ecc17ba319870202754d67697c4948,15,android.app.ActivityTaskManager$RootTaskInfo com.android.server.wm.ActivityTaskManagerService.getFocusedRootTaskInfo(),-,34,void com.android.server.wm.ActivityClientController.activityPaused(android.os.IBinder),4]
06-05 07:46:19.363  1319  2082 I input_focus: [Focus leaving 3b344d3 com.google.android.wearable.sysui/com.google.android.wearable.sysui.mainui.activity.SysUiActivity,reason=NO_WINDOW]
06-05 07:46:19.609  4536  4553 I viewroot_draw_event: [VRI[calendar],reportDrawFinished seqId=0]
06-05 07:46:19.851 13691 13691 I wm_on_create_called: [34360719,com.google.android.apps.calendar.wear.overlay.CalendarWearActivity,performCreate,265]
06-05 07:46:19.869 13691 13691 I wm_on_start_called: [34360719,com.google.android.apps.calendar.wear.overlay.CalendarWearActivity,handleStartActivity,15]
06-05 07:46:19.907 13691 13691 I wm_on_resume_called: [34360719,com.google.android.apps.calendar.wear.overlay.CalendarWearActivity,RESUME_ACTIVITY,34]
06-05 07:46:19.966 13691 13691 I wm_on_top_resumed_gained_called: [34360719,com.google.android.apps.calendar.wear.overlay.CalendarWearActivity,topStateChangedWhenResumed]
06-05 07:46:19.988  1319  3426 I dvm_lock_sample: [system_server,0,binder:1319_13,10,go/retraceme e692cb518c4bef8aad1a205a9c960701d0ecc17ba319870202754d67697c4948,10,void com.android.server.wm.Session.setOnBackInvokedCallbackInfo(android.view.IWindow, android.window.OnBackInvokedCallbackInfo),-,35,void com.android.server.wm.WindowAnimator$$ExternalSyntheticLambda1.doFrame(long),2]
06-05 07:46:20.151  1319  1591 I wm_wallpaper_surface: [0,0,Window{3b344d3 u0 com.google.android.wearable.sysui/com.google.android.wearable.sysui.mainui.activity.SysUiActivity}]
06-05 07:46:20.167  4661  4661 I viewroot_draw_event: [VRI[SysUiActivity],Not drawing due to not visible. Reason=!mAppVisible && !mForceDecorViewVisibility]
06-05 07:46:20.234  1319  1591 I input_focus: [Focus request a8e37ec com.google.android.calendar/com.google.android.apps.calendar.wear.overlay.CalendarWearActivity,reason=UpdateInputWindows]
06-05 07:46:20.241 13691 13691 I viewroot_draw_event: [VRI[CalendarWearActivity],Canceling draw. cancelDueToPreDrawListener=true cancelDueToSync=false]
06-05 07:46:20.489  1319  3589 I dvm_lock_sample: [system_server,1,binder:1319_1A,97,go/retraceme e692cb518c4bef8aad1a205a9c960701d0ecc17ba319870202754d67697c4948,5,void com.android.server.accounts.AccountManagerService.setUserdataInternal(com.android.server.accounts.AccountManagerService$UserAccounts, android.accounts.Account, java.lang.String, java.lang.String, int),-,191,void com.android.server.accounts.AccountManagerService.setUserdataInternal(com.android.server.accounts.AccountManagerService$UserAccounts, android.accounts.Account, java.lang.String, java.lang.String, int),19]
06-05 07:46:20.550  1319  4970 I dvm_lock_sample: [system_server,1,binder:1319_1D,161,go/retraceme e692cb518c4bef8aad1a205a9c960701d0ecc17ba319870202754d67697c4948,61,void com.android.server.accounts.AccountManagerService.invalidateAuthToken(java.lang.String, java.lang.String),,0,null,32]
06-05 07:46:21.475  1319  3426 I dvm_lock_sample: [system_server,1,binder:1319_13,22,go/retraceme e692cb518c4bef8aad1a205a9c960701d0ecc17ba319870202754d67697c4948,12,boolean com.android.server.accounts.AccountManagerService.saveAuthTokenToDatabase(com.android.server.accounts.AccountManagerService$UserAccounts, android.accounts.Account, java.lang.String, java.lang.String),-,191,void com.android.server.accounts.AccountManagerService.setUserdataInternal(com.android.server.accounts.AccountManagerService$UserAccounts, android.accounts.Account, java.lang.String, java.lang.String, int),4]
06-05 07:46:21.651 13691 13691 I viewroot_draw_event: [VRI[CalendarWearActivity],Draw frame after cancel]
06-05 07:46:21.754  1319  2072 I am_freeze: [13202,com.strava]
06-05 07:46:21.886 13691 13691 I viewroot_draw_event: [VRI[CalendarWearActivity],reportDrawFinished seqId=0]
06-05 07:46:21.888  1319  2072 I am_compact: [13202,com.strava,ANON,71780,54004,17392,34312,-14464,-7936,-6528,6656,133,FULL,53822634,905,19,353560,-1928]
06-05 07:46:21.902  1319  1590 I wm_stop_activity: [0,108490809,com.google.android.wearable.sysui/.mainui.activity.SysUiActivity]
06-05 07:46:21.933  1319  2082 I input_focus: [Focus entering a8e37ec com.google.android.calendar/com.google.android.apps.calendar.wear.overlay.CalendarWearActivity,reason=Window became focusable. Previous reason: NOT_VISIBLE]
06-05 07:46:21.985  4661  4661 I wm_on_stop_called: [108490809,com.google.android.wearable.sysui.mainui.activity.SysUiActivity,STOP_ACTIVITY_ITEM,8]
06-05 07:46:22.034  4536  4553 I viewroot_draw_event: [VRI[calendar],Not drawing due to not visible. Reason=View.GONE]
06-05 07:46:22.052  1319  1586 I sysui_multi_action: [319,373,321,350,322,2630,325,54183,757,761,758,8,759,2,806,com.google.android.calendar,871,com.google.android.apps.calendar.wear.overlay.CalendarWearActivity,904,com.google.android.wearable.sysui,905,0,1320,8,1321,9]
06-05 07:46:22.066  1319  1586 I wm_activity_launch_time: [0,34360719,com.google.android.calendar/com.google.android.apps.calendar.wear.overlay.CalendarWearActivity,2630]
06-05 07:46:22.085  1319  1586 I sysui_multi_action: [324,1,757,1090,758,13,806,com.google.android.calendar,871,com.google.android.apps.calendar.wear.overlay.CalendarWearActivity,1091,2773]
06-05 07:46:24.285  1319  2083 I sysui_multi_action: [757,804,799,power_consecutive_short_tap_count,801,1,802,1]
06-05 07:46:24.285  1319  2083 I sysui_multi_action: [757,804,799,power_double_tap_interval,801,417776,802,1]
06-05 07:46:24.285  1319  2083 I intercept_power: [ACTION_DOWN,0,1]
06-05 07:46:24.324  1319  2083 I intercept_power: [ACTION_UP,0,1]
06-05 07:46:24.343  1319  1588 I wm_task_moved: [1,1,0,1,13]
06-05 07:46:24.345  1319  1588 I wm_task_to_front: [0,2,0]
06-05 07:46:24.345  1319  1588 I wm_task_moved: [2,1,0,1,2147483647]
06-05 07:46:24.346  1319  1588 I wm_focused_root_task: [0,0,1,5543,bringingFoundTaskToFront]
06-05 07:46:24.346  1319  1588 I wm_new_intent: [0,108490809,2,com.google.android.wearable.sysui/.mainui.activity.SysUiActivity,android.intent.action.MAIN,NULL,NULL,276824320]
06-05 07:46:24.347  1319  1588 I wm_pause_activity: [0,34360719,com.google.android.calendar/com.google.android.apps.calendar.wear.overlay.CalendarWearActivity,userLeaving=true,pauseBackTasks]
06-05 07:46:24.351  1319  1588 I wm_add_to_stopping: [0,34360719,com.google.android.calendar/com.google.android.apps.calendar.wear.overlay.CalendarWearActivity,makeInvisible]
06-05 07:46:24.352  1319  1586 I sysui_multi_action: [757,803,799,window_time_0,802,5]
06-05 07:46:24.356  1319  1588 I wm_set_resumed_activity: [0,com.google.android.wearable.sysui/.mainui.activity.SysUiActivity,resumeTopActivity - onActivityStateChanged]
06-05 07:46:24.359  1319  1588 I wm_resume_activity: [0,108490809,2,com.google.android.wearable.sysui/.mainui.activity.SysUiActivity]
06-05 07:46:24.363 13691 13691 I wm_on_top_resumed_lost_called: [34360719,com.google.android.apps.calendar.wear.overlay.CalendarWearActivity,topStateChangedWhenResumed]
06-05 07:46:24.367  4661  4661 I wm_on_restart_called: [108490809,com.google.android.wearable.sysui.mainui.activity.SysUiActivity,performRestart,0]
06-05 07:46:24.376 13691 13691 I wm_on_paused_called: [34360719,com.google.android.apps.calendar.wear.overlay.CalendarWearActivity,performPause,5]
06-05 07:46:24.377  1319  1591 I input_focus: [Requesting to set focus to null window,reason=UpdateInputWindows]
06-05 07:46:24.378  4661  4661 I wm_on_start_called: [108490809,com.google.android.wearable.sysui.mainui.activity.SysUiActivity,handleStartActivity,11]
06-05 07:46:24.392  4661  4661 I wm_on_resume_called: [108490809,com.google.android.wearable.sysui.mainui.activity.SysUiActivity,RESUME_ACTIVITY,4]
06-05 07:46:24.410  1319  2082 I input_focus: [Focus leaving a8e37ec com.google.android.calendar/com.google.android.apps.calendar.wear.overlay.CalendarWearActivity,reason=Waiting for window because NO_WINDOW]
06-05 07:46:24.419  1319  1591 I input_focus: [Focus request 3b344d3 com.google.android.wearable.sysui/com.google.android.wearable.sysui.mainui.activity.SysUiActivity,reason=UpdateInputWindows]
06-05 07:46:24.424  4661  4661 I viewroot_draw_event: [VRI[SysUiActivity],Start draw after previous draw not visible]
06-05 07:46:24.440  1319  1591 I wm_wallpaper_surface: [0,1,Window{3b344d3 u0 com.google.android.wearable.sysui/com.google.android.wearable.sysui.mainui.activity.SysUiActivity}]
06-05 07:46:24.467  4661  4661 I viewroot_draw_event: [VRI[SysUiActivity],reportDrawFinished seqId=0]
06-05 07:46:24.468  4661  4661 I wm_on_top_resumed_gained_called: [108490809,com.google.android.wearable.sysui.mainui.activity.SysUiActivity,topStateChangedWhenResumed]
06-05 07:46:24.512  1319  2108 I dvm_lock_sample: [system_server,0,binder:1319_4,32,go/retraceme e692cb518c4bef8aad1a205a9c960701d0ecc17ba319870202754d67697c4948,12,void com.android.server.wm.ActivityClientController.activityIdle(android.os.IBinder, android.content.res.Configuration, boolean),-,40,void com.android.server.wm.AbsAppSnapshotController$$ExternalSyntheticLambda1.accept(java.lang.Object),6]
06-05 07:46:24.543  1319  1586 I sysui_multi_action: [319,149,322,141,325,54188,757,761,758,9,759,2,806,com.google.android.wearable.sysui,871,com.google.android.wearable.sysui.mainui.activity.SysUiActivity,905,0,1320,8,1321,5]
06-05 07:46:24.652  1319  2082 I input_focus: [Focus entering 3b344d3 com.google.android.wearable.sysui/com.google.android.wearable.sysui.mainui.activity.SysUiActivity,reason=Window became focusable. Previous reason: NOT_VISIBLE]
06-05 07:46:25.027  1319  1590 I wm_stop_activity: [0,34360719,com.google.android.calendar/com.google.android.apps.calendar.wear.overlay.CalendarWearActivity]
06-05 07:46:25.118 13691 13691 I viewroot_draw_event: [VRI[CalendarWearActivity],Not drawing due to not visible. Reason=!mAppVisible && !mForceDecorViewVisibility]
06-05 07:46:25.195 13691 13691 I wm_on_stop_called: [34360719,com.google.android.apps.calendar.wear.overlay.CalendarWearActivity,STOP_ACTIVITY_ITEM,71]
06-05 07:46:27.521  1319  2082 I input_interaction: Interaction with: 3b344d3 com.google.android.wearable.sysui/com.google.android.wearable.sysui.mainui.activity.SysUiActivity, PointerEventDispatcher0, 
06-05 07:46:27.964  4661  4661 I viewroot_draw_event: [VRI[],Not drawing due to not visible. Reason=View.GONE]
06-05 07:46:28.481  4661  4661 I viewroot_draw_event: [VRI[],Start draw after previous draw not visible]
06-05 07:46:28.548  1319  2070 I commit_sys_config_file: [settings-1-0,44]
06-05 07:46:29.859  4661  4661 I viewroot_draw_event: [VRI[],Not drawing due to not visible. Reason=View.GONE]
06-05 07:46:30.233  1319  2072 I am_freeze: [8276,com.google.android.apps.weather]
06-05 07:46:30.337  1319  2072 I am_compact: [8276,com.google.android.apps.weather,ANON,73552,57468,15700,44304,-8960,-2816,-6144,6016,103,FULL,53890879,900,16,363856,-400]
06-05 07:46:30.672  1319  2082 I input_interaction: Interaction with: 3b344d3 com.google.android.wearable.sysui/com.google.android.wearable.sysui.mainui.activity.SysUiActivity, 6f96823 com.google.android.wearable.watchface.bbb.BBBWatchFaceService, [Gesture Monitor] edge-swipe, PointerEventDispatcher0, 
06-05 07:46:31.138  4661  4661 I viewroot_draw_event: [VRI[],Start draw after previous draw not visible]
06-05 07:46:35.996  1319  2070 I commit_sys_config_file: [settings-1-0,13]
06-05 07:46:38.262  1319  1986 I am_uid_idle: 10117
06-05 07:46:38.262  1319  1986 I am_uid_idle: 10107
06-05 07:46:39.269  1319  2072 I am_unfreeze: [5574,com.fitbit.FitbitMobile,6]
06-05 07:46:39.273  1319  3589 I am_uid_active: 10107
06-05 07:46:40.614  1319  2070 I commit_sys_config_file: [settings-1-0,10]
06-05 07:46:44.542  1319  2072 I am_freeze: [5574,com.fitbit.FitbitMobile]
06-05 07:46:44.872  1319  2072 I am_compact: [5574,com.fitbit.FitbitMobile,ANON,115604,80664,34664,49212,-37760,-12800,-24960,24832,328,FULL,54159393,900,16,356024,-10020]
06-05 07:46:45.774  1319  2010 I power_sleep_requested: 0
06-05 07:46:45.793  1319  1586 I sysui_multi_action: [757,223,758,1]
06-05 07:46:45.848  1319  2010 I sysui_multi_action: [757,1696,758,6,759,1]
06-05 07:46:45.850  1319  1319 I screen_toggled: 0
06-05 07:46:45.850  1319  1319 I sysui_multi_action: [757,804,799,screen_timeout,801,15,802,1]
06-05 07:46:45.866  1319  1319 I sysui_multi_action: [757,1594,758,4,759,-2147483648,1359,30839]
06-05 07:46:45.866  1319  1319 I sysui_multi_action: [757,198,758,2,759,3,1359,99,1695,2]
06-05 07:46:45.866  1319  1319 I power_screen_state: [0,3,0,0,99]
06-05 07:46:45.867  1319  1319 I power_screen_broadcast_send: 1
06-05 07:46:45.965  1319  1319 I device_idle: [1,no activity]
06-05 07:46:45.965  1319  1319 I device_idle_light: [1,no activity]
06-05 07:46:46.065  1319  2070 I commit_sys_config_file: [settings-1-0,8]
06-05 07:46:46.133  1319  1586 I power_screen_broadcast_done: [0,267,1]
06-05 07:46:46.276  1319  1985 I commit_sys_config_file: [display-state,45]
06-05 07:46:48.574  1319 14087 I commit_sys_config_file: [appops_accesses,44]
06-05 07:48:03.936  1319  1446 I dvm_lock_sample: [system_server,0,binder:1319_2,48,go/retraceme e692cb518c4bef8aad1a205a9c960701d0ecc17ba319870202754d67697c4948,3,void com.android.server.am.ProcessRecord.addPackage(java.lang.String, long, com.android.server.am.ProcessStatsService),-,10,void com.android.server.am.ActivityManagerService$ProcStatsRunnable.run(),9]
06-05 07:48:03.975  1319  1985 I commit_sys_config_file: [procstats,81]
06-05 07:48:04.059  1319  2072 I am_unfreeze: [5245,com.google.android.gms,3]
06-05 07:48:37.040  1319  1985 I am_cpu  : [1,0,init,55602,60,20]
06-05 07:48:37.040  1319  1985 I am_cpu  : [2,0,kthreadd,620023,0,20]
06-05 07:48:37.040  1319  1985 I am_cpu  : [16,0,rcu_preempt,55604,0,30]
06-05 07:48:37.040  1319  1985 I am_cpu  : [17,0,rcuog/0,55603,0,20]
06-05 07:48:37.040  1319  1985 I am_cpu  : [18,0,rcuop/0,55603,0,50]
06-05 07:48:37.040  1319  1985 I am_cpu  : [31,0,rcuop/1,55603,0,40]
06-05 07:48:37.040  1319  1985 I am_cpu  : [38,0,rcuog/2,55603,0,20]
06-05 07:48:37.040  1319  1985 I am_cpu  : [39,0,rcuop/2,55603,0,40]
06-05 07:48:37.040  1319  1985 I am_cpu  : [42,0,migration/3,970523,0,10]
06-05 07:48:37.040  1319  1985 I am_cpu  : [43,0,ksoftirqd/3,55603,0,110]
06-05 07:48:37.040  1319  1985 I am_cpu  : [46,0,rcuop/3,55603,0,20]
06-05 07:48:37.040  1319  1985 I am_cpu  : [52,0,kcompactd0,159240,0,20]
06-05 07:48:37.040  1319  1985 I am_cpu  : [62,0,kswapd0,55603,0,4450]
06-05 07:48:37.040  1319  1985 I am_cpu  : [71,0,dmabuf-deferred-free-worker,84374,0,10]
06-05 07:48:37.040  1319  1985 I am_cpu  : [92,0,glink-rpm_requests,55601,0,950]
06-05 07:48:37.040  1319  1985 I am_cpu  : [127,0,irq/102-4744000.sdhci,84375,0,10]
06-05 07:48:37.040  1319  1985 I am_cpu  : [128,0,kgsl-events,55601,0,260]
06-05 07:48:37.040  1319  1985 I am_cpu  : [134,0,irq/98-mmc0,496158,0,10]
06-05 07:48:37.040  1319  1985 I am_cpu  : [137,0,kgsl_dispatcher,55600,0,440]
06-05 07:48:37.040  1319  1985 I am_cpu  : [138,0,crtc_commit:87,55600,0,960]
06-05 07:48:37.040  1319  1985 I am_cpu  : [139,0,crtc_event:87,55600,0,320]
06-05 07:48:37.041  1319  1985 I am_cpu  : [215,0,init,55600,10,0]
06-05 07:48:37.041  1319  1985 I am_cpu  : [216,0,ueventd,55601,30,20]
06-05 07:48:37.041  1319  1985 I am_cpu  : [329,1036,logd,55600,220,740]
06-05 07:48:37.041  1319  1985 I am_cpu  : [330,1069,lmkd,55601,30,40]
06-05 07:48:37.041  1319  1985 I am_cpu  : [331,1000,servicemanager,55601,50,10]
06-05 07:48:37.041  1319  1985 I am_cpu  : [332,1000,vndservicemanag,159242,0,10]
06-05 07:48:37.041  1319  1985 I am_cpu  : [338,1000,qseecomd,55602,0,10]
06-05 07:48:37.041  1319  1985 I am_cpu  : [355,0,binder:355_2,84376,0,10]
06-05 07:48:37.041  1319  1985 I am_cpu  : [391,0,irq/125-4520300.qcom,bwmon-ddr,55602,0,540]
06-05 07:48:37.041  1319  1985 I am_cpu  : [413,0,autobahn_proxy,55602,0,680]
06-05 07:48:37.041  1319  1985 I am_cpu  : [414,0,autobahn_mac_initiator,55602,0,2360]
06-05 07:48:37.041  1319  1985 I am_cpu  : [422,0,gbms_virt_stora,55602,0,20]
06-05 07:48:37.041  1319  1985 I am_cpu  : [425,1000,pixelstats-vend,55603,0,30]
06-05 07:48:37.041  1319  1985 I am_cpu  : [426,0,wdcd,84377,10,10]
06-05 07:48:37.041  1319  1985 I am_cpu  : [430,1000,android.system.,55602,110,660]
06-05 07:48:37.041  1319  1985 I am_cpu  : [517,0,f2fs_ckpt-254:57,55605,0,90]
06-05 07:48:37.041  1319  1985 I am_cpu  : [526,0,android.hardwar,55605,0,30]
06-05 07:48:37.041  1319  1985 I am_cpu  : [531,1000,surfaceflinger,55606,8770,5590]
06-05 07:48:37.041  1319  1985 I am_cpu  : [533,1000,binder:533_2,84381,20,30]
06-05 07:48:37.041  1319  1985 I am_cpu  : [539,1000,binder:539_2,55607,2050,2520]
06-05 07:48:37.041  1319  1985 I am_cpu  : [707,1000,time_daemon,84381,0,10]
06-05 07:48:37.041  1319  1985 I am_cpu  : [708,1001,binder:708_2,84381,0,10]
06-05 07:48:37.041  1319  1985 I am_cpu  : [710,0,binder:710_2,55607,150,130]
06-05 07:48:37.041  1319  1985 I am_cpu  : [739,0,binder:739_3,55608,10,90]
06-05 07:48:37.041  1319  1985 I am_cpu  : [741,1066,binder:741_3,55608,290,140]
06-05 07:48:37.041  1319  1985 I am_cpu  : [755,0,irq/152-cs40l26 IRQ1 Controller,84381,0,20]
06-05 07:48:37.041  1319  1985 I am_cpu  : [826,0,irq/215-raydium_ts,365659,0,20]
06-05 07:48:37.041  1319  1985 I am_cpu  : [890,1000,diag-router,55609,0,10]
06-05 07:48:37.041  1319  1985 I am_cpu  : [892,1002,binder:892_2,55609,290,340]
06-05 07:48:37.041  1319  1985 I am_cpu  : [897,1080,android.hardwar,55609,10,20]
06-05 07:48:37.041  1319  1985 I am_cpu  : [908,1021,binder:908_2,55609,0,10]
06-05 07:48:37.041  1319  1985 I am_cpu  : [909,1000,android.hardwar,55609,20,40]
06-05 07:48:37.042  1319  1985 I am_cpu  : [911,1000,android.hardwar,55609,40,80]
06-05 07:48:37.042  1319  1985 I am_cpu  : [912,1000,android.hardwar,55609,10,10]
06-05 07:48:37.042  1319  1985 I am_cpu  : [933,1001,vendor.google.r,55609,0,10]
06-05 07:48:37.042  1319  1985 I am_cpu  : [949,1000,binder:949_2,55610,50,90]
06-05 07:48:37.042  1319  1985 I am_cpu  : [1012,1072,binder:1012_2,221682,0,10]
06-05 07:48:37.042  1319  1985 I am_cpu  : [1211,1000,android.hardwar,84383,0,20]
06-05 07:48:37.042  1319  1985 I am_cpu  : [1268,1013,mediametrics,365662,0,20]
06-05 07:48:37.042  1319  1985 I am_cpu  : [1278,0,storaged,55612,0,10]
06-05 07:48:37.042  1319  1985 I am_cpu  : [1281,0,sysproxyd,55613,0,10]
06-05 07:48:37.042  1319  1985 I am_cpu  : [1292,1001,binder:1292_2,55613,0,20]
06-05 07:48:37.042  1319  1985 I am_cpu  : [1310,1001,binder:1310_2,55614,0,10]
06-05 07:48:37.042  1319  1985 I am_cpu  : [1315,1000,adsprpcd,84386,0,10]
06-05 07:48:37.042  1319  1985 I am_cpu  : [1319,1000,system_server,55615,3420,3890]
06-05 07:48:37.042  1319  1985 I am_cpu  : [1350,0,update_engine,221662,0,10]
06-05 07:48:37.042  1319  1985 I am_cpu  : [1376,1080,chre,55615,50,120]
06-05 07:48:37.042  1319  1985 I am_cpu  : [1390,1001,main,55616,20,30]
06-05 07:48:37.042  1319  1985 I am_cpu  : [1410,1000,binder:1410_2,55617,120,370]
06-05 07:48:37.042  1319  1985 I am_cpu  : [1564,1036,logcat,55617,220,180]
06-05 07:48:37.042  1319  1985 I am_cpu  : [1577,1000,hvdcp_opti,55618,10,10]
06-05 07:48:37.042  1319  1985 I am_cpu  : [1585,1000,android.hardwar,55618,10,80]
06-05 07:48:37.042  1319  1985 I am_cpu  : [1868,1000,android.hardwar,55618,40,110]
06-05 07:48:37.042  1319  1985 I am_cpu  : [1992,0,psimon,55619,0,30]
06-05 07:48:37.042  1319  1985 I am_cpu  : [2250,1000,e.wear.services,55620,500,300]
06-05 07:48:37.042  1319  1985 I am_cpu  : [2309,10124,e.watchface.rwf,55620,18540,3540]
06-05 07:48:37.042  1319  1985 I am_cpu  : [2339,1073,rkstack.process,55620,10,30]
06-05 07:48:37.042  1319  1985 I am_cpu  : [2355,1002,droid.bluetooth,55621,340,390]
06-05 07:48:37.042  1319  1985 I am_cpu  : [2421,10153,oid.grilservice,55621,10,20]
06-05 07:48:37.042  1319  1985 I am_cpu  : [2424,10148,.codeaurora.ims,55622,0,10]
06-05 07:48:37.042  1319  1985 I am_cpu  : [2462,1068,com.android.se,84394,0,10]
06-05 07:48:37.042  1319  1985 I am_cpu  : [2508,1001,.dataservices,84395,0,10]
06-05 07:48:37.042  1319  1985 I am_cpu  : [2521,1027,gle.android.nfc,55622,10,20]
06-05 07:48:37.042  1319  1985 I am_cpu  : [2540,1001,m.android.phone,55622,310,180]
06-05 07:48:37.042  1319  1985 I am_cpu  : [2810,0,msm_irqbalance,55623,10,50]
06-05 07:48:37.042  1319  1985 I am_cpu  : [2838,0,thermal-engine-,55625,0,30]
06-05 07:48:37.042  1319  1985 I am_cpu  : [2970,10116,roid.apps.scone,55624,50,130]
06-05 07:48:37.042  1319  1985 I am_cpu  : [3095,10056,.healthservices,55625,370,190]
06-05 07:48:37.043  1319  1985 I am_cpu  : [3239,10058,roid.euicc.wear,84397,0,10]
06-05 07:48:37.043  1319  1985 I am_cpu  : [3410,10151,s.zprovidertest,84397,0,10]
06-05 07:48:37.043  1319  1985 I am_cpu  : [3568,1041,audioserver,55771,90,200]
06-05 07:48:37.043  1319  1985 I am_cpu  : [3569,1041,binder:3569_2,55771,60,140]
06-05 07:48:37.043  1319  1985 I am_cpu  : [3580,1000,ttings.provider,55772,0,10]
06-05 07:48:37.043  1319  1985 I am_cpu  : [3867,0,kworker/u9:2-ipa_power_mgmt,84544,0,20]
06-05 07:48:37.043  1319  1985 I am_cpu  : [4272,10057,putmethod.latin,55772,10,80]
06-05 07:48:37.043  1319  1985 I am_cpu  : [4536,10155,arable.systemui,55772,290,310]
06-05 07:48:37.043  1319  1985 I am_cpu  : [4623,10064,id.wearable.app,55773,0,50]
06-05 07:48:37.043  1319  1985 I am_cpu  : [4661,10066,.wearable.sysui,55773,2010,1050]
06-05 07:48:37.043  1319  1985 I am_cpu  : [5245,10132,gle.android.gms,55772,10,40]
06-05 07:48:37.043  1319  1985 I am_cpu  : [5574,10107,it.FitbitMobile,55772,640,470]
06-05 07:48:37.043  1319  1985 I am_cpu  : [6471,10112,able.pixel.pdms,55772,50,50]
06-05 07:48:37.043  1319  1985 I am_cpu  : [7034,10133,com.qti.phone,55773,0,10]
06-05 07:48:37.043  1319  1985 I am_cpu  : [7191,10067,rable.assistant,55772,1120,620]
06-05 07:48:37.043  1319  1985 I am_cpu  : [7228,10132,.gms.persistent,55772,490,900]
06-05 07:48:37.043  1319  1985 I am_cpu  : [8169,0,kworker/u8:0-memlat_wq,55773,0,160]
06-05 07:48:37.043  1319  1985 I am_cpu  : [8192,0,kworker/u8:1-memlat_wq,55773,0,20]
06-05 07:48:37.043  1319  1985 I am_cpu  : [8276,10104,id.apps.weather,286008,160,200]
06-05 07:48:37.043  1319  1985 I am_cpu  : [8534,0,kworker/u8:2-memlat_wq,55772,0,10]
06-05 07:48:37.043  1319  1985 I am_cpu  : [8774,0,kworker/3:1H-kverityd,159361,0,10]
06-05 07:48:37.043  1319  1985 I am_cpu  : [8838,0,kworker/3:6H-kblockd,221792,0,60]
06-05 07:48:37.043  1319  1985 I am_cpu  : [8943,0,kworker/u8:3-events_unbound,55773,0,10]
06-05 07:48:37.043  1319  1985 I am_cpu  : [8944,0,kworker/u8:4-events_unbound,55773,0,10]
06-05 07:48:37.043  1319  1985 I am_cpu  : [8945,0,kworker/u8:5-events_unbound,55773,0,10]
06-05 07:48:37.043  1319  1985 I am_cpu  : [8949,0,kworker/u8:9-events_unbound,55773,0,850]
06-05 07:48:37.043  1319  1985 I am_cpu  : [8952,0,kworker/u8:12-events_unbound,55773,0,20]
06-05 07:48:37.043  1319  1985 I am_cpu  : [8953,0,kworker/u8:13-events_unbound,55772,0,10]
06-05 07:48:37.043  1319  1985 I am_cpu  : [8954,0,kworker/u8:14-events_unbound,55772,0,680]
06-05 07:48:37.043  1319  1985 I am_cpu  : [8955,0,kworker/u8:15-events_unbound,55772,0,20]
06-05 07:48:37.044  1319  1985 I am_cpu  : [8956,0,kworker/u8:16-events_unbound,55772,0,1090]
06-05 07:48:37.044  1319  1985 I am_cpu  : [8957,0,kworker/u8:17-events_unbound,55773,0,10]
06-05 07:48:37.044  1319  1985 I am_cpu  : [8959,0,kworker/u8:19-events_unbound,55773,0,150]
06-05 07:48:37.044  1319  1985 I am_cpu  : [8960,0,kworker/u8:20-events_unbound,55773,0,20]
06-05 07:48:37.044  1319  1985 I am_cpu  : [8990,0,kworker/u8:24-events_unbound,55773,0,10]
06-05 07:48:37.044  1319  1985 I am_cpu  : [9009,0,kworker/2:10H-kverityd,55773,0,60]
06-05 07:48:37.044  1319  1985 I am_cpu  : [9742,0,kworker/1:15H-kverityd,55773,0,40]
06-05 07:48:37.044  1319  1985 I am_cpu  : [11114,0,kworker/0:9H-kverityd,55773,0,50]
06-05 07:48:37.044  1319  1985 I am_cpu  : [11559,1020,mdnsd,84545,0,10]
06-05 07:48:37.044  1319  1985 I am_cpu  : [11627,10062,.media.sessions,55773,10,60]
06-05 07:48:37.044  1319  1985 I am_cpu  : [11701,0,kworker/3:8H-kverityd,55773,0,70]
06-05 07:48:37.044  1319  1985 I am_cpu  : [11814,0,kworker/3:12H-kverityd,55773,0,50]
06-05 07:48:37.044  1319  1985 I am_cpu  : [11972,0,kworker/u8:22-events_unbound,55773,0,140]
06-05 07:48:37.044  1319  1985 I am_cpu  : [12324,0,kworker/1:2-pm,55773,0,70]
06-05 07:48:37.044  1319  1985 I am_cpu  : [12356,0,kworker/2:2,55773,0,80]
06-05 07:48:37.044  1319  1985 I am_cpu  : [12841,0,kworker/0:2-events,55773,0,100]
06-05 07:48:37.044  1319  1985 I am_cpu  : [13147,0,kworker/3:4H-kverityd,213216,0,30]
06-05 07:48:37.044  1319  1985 I am_cpu  : [13148,0,kworker/3:7H-kverityd,159357,0,70]
06-05 07:48:37.044  1319  1985 I am_cpu  : [13177,0,kworker/u8:8-events_unbound,55773,0,480]
06-05 07:48:37.044  1319  1985 I am_cpu  : [13202,10184,com.strava,365822,210,240]
06-05 07:48:37.044  1319  1985 I am_cpu  : [13478,0,kworker/3:10H-kverityd,286006,0,10]
06-05 07:48:37.044  1319  1985 I am_cpu  : [13479,0,kworker/3:13H-kverityd,55774,0,30]
06-05 07:48:37.044  1319  1985 I am_cpu  : [13480,0,kworker/3:14H-kverityd,159356,0,40]
06-05 07:48:37.044  1319  1985 I am_cpu  : [13482,0,kworker/3:1-sdhci_msm_generic_swq,55774,0,170]
06-05 07:48:37.044  1319  1985 I am_cpu  : [13507,0,binder:13507_2,55774,50,150]
06-05 07:48:37.044  1319  1985 I am_cpu  : [13627,0,iptables-restor,55773,0,20]
06-05 07:48:37.044  1319  1985 I am_cpu  : [13628,0,ip6tables-resto,84547,10,0]
06-05 07:48:37.044  1319  1985 I am_cpu  : [13691,10095,ndroid.calendar,84546,6530,2070]
06-05 07:48:37.044  1319  1985 I am_cpu  : [13983,0,kworker/3:18H,55775,0,10]
06-05 07:48:37.044  1319  1985 I am_cpu  : [13984,0,kworker/3:19H,84548,0,40]
06-05 07:48:37.044  1319  1985 I am_cpu  : [14512,0,kworker/3:0,0,0,0]
06-05 07:48:37.045  1319  1985 I am_cpu  : [14519,0,kworker/2:0H-kverityd,0,0,0]
06-05 07:48:37.045  1319  1985 I am_cpu  : [16772,10050,gle.android.tts,55777,10,0]
06-05 07:48:37.045  1319  1985 I am_cpu  : [17353,0,kworker/u8:23-events_unbound,55777,0,10]
06-05 07:48:37.045  1319  1985 I am_cpu  : [22608,0,kworker/u8:21-events_unbound,55777,0,320]
06-05 07:48:37.045  1319  1985 I am_cpu  : [32266,0,kworker/3:9H-kverityd,286010,0,10]
06-05 07:48:37.147  1319  1985 I am_meminfo: [72851456,113152000,350195712,474288128,0]
06-05 07:48:45.654  1319  2072 I am_unfreeze: [8388,io.homeassistant.companion.android,3]
06-05 07:48:45.655  1319  1986 I am_uid_active: 10185
06-05 07:48:45.713  1319  1319 I bt_acl_disconnect: 2535770
06-05 07:48:45.815  1319  1319 I bt_proxy_disconnect: 448523
06-05 07:48:46.007  1319  2060 I device_idle_step: 
06-05 07:48:46.009  1319  2060 I device_idle: [2,s:alarm]
06-05 07:48:46.069  1319  2130 I netstats_mobile_sample: [333355,212740,871,1021,332551,210012,859,986,1780660121570]
06-05 07:48:46.075  1319  2130 I netstats_wifi_sample: [418174684,135139443,376567,249921,419363199,133823853,377851,241915,1780660121570]
06-05 07:48:46.250  7228 14414 I gtalk_conn_close: [1793,318]
--------- beginning of radio
06-05 07:48:46.468  2540  2540 D TNP     : onNetworkNeeded: phoneId=0, [NetworkRequest [ REQUEST id=4645, [ Capabilities: INTERNET&NOT_RESTRICTED&TRUSTED&NOT_VCN_MANAGED&NOT_BANDWIDTH_CONSTRAINED Uid: 10082 RequestorUid: 10082 RequestorPkg: com.google.android.apps.youtube.music UnderlyingNetworks: Null] ], mPriority=0, state=UNSATISFIED, mAttachedDataNetwork=null, created time=11:48:46.467, evaluation result=null]
06-05 07:48:46.469  2540  2540 D TNP     : onNetworkNeeded: phoneId=0, [NetworkRequest [ REQUEST id=4651, [ Capabilities: INTERNET&NOT_RESTRICTED&TRUSTED&NOT_VCN_MANAGED&NOT_BANDWIDTH_CONSTRAINED Uid: 10184 RequestorUid: 10184 RequestorPkg: com.strava UnderlyingNetworks: Null] ], mPriority=0, state=UNSATISFIED, mAttachedDataNetwork=null, created time=11:48:46.469, evaluation result=null]
06-05 07:48:46.470  2540  2540 D TNP     : onNetworkNeeded: phoneId=0, [NetworkRequest [ REQUEST id=4663, [ Capabilities: INTERNET&NOT_RESTRICTED&TRUSTED&NOT_VCN_MANAGED&NOT_BANDWIDTH_CONSTRAINED Uid: 10055 RequestorUid: 10055 RequestorPkg: com.android.vending UnderlyingNetworks: Null] ], mPriority=0, state=UNSATISFIED, mAttachedDataNetwork=null, created time=11:48:46.469, evaluation result=null]
06-05 07:48:46.473  2540  2540 D TNP     : onNetworkNeeded: phoneId=0, [NetworkRequest [ REQUEST id=4667, [ Capabilities: INTERNET&NOT_RESTRICTED&TRUSTED&NOT_VCN_MANAGED&NOT_BANDWIDTH_CONSTRAINED Uid: 10055 RequestorUid: 10055 RequestorPkg: com.android.vending UnderlyingNetworks: Null] ], mPriority=0, state=UNSATISFIED, mAttachedDataNetwork=null, created time=11:48:46.471, evaluation result=null]
06-05 07:48:46.474  2540  2540 D TNP     : onNetworkNeeded: phoneId=0, [NetworkRequest [ REQUEST id=4673, [ Capabilities: INTERNET&NOT_RESTRICTED&TRUSTED&NOT_VCN_MANAGED&NOT_BANDWIDTH_CONSTRAINED Uid: 10095 RequestorUid: 10095 RequestorPkg: com.google.android.calendar UnderlyingNetworks: Null] ], mPriority=0, state=UNSATISFIED, mAttachedDataNetwork=null, created time=11:48:46.474, evaluation result=null]
06-05 07:48:46.479  2540  2540 D DNC-0   : onAddNetworkRequest: added [NetworkRequest [ REQUEST id=1, [ Capabilities: INTERNET&NOT_RESTRICTED&TRUSTED&NOT_VPN&NOT_VCN_MANAGED&NOT_BANDWIDTH_CONSTRAINED RequestorUid: 1000 RequestorPkg: android UnderlyingNetworks: Null] ], mPriority=20, state=UNSATISFIED, mAttachedDataNetwork=null, created time=11:48:46.246, evaluation result=null]
06-05 07:48:46.520  2540  2540 D DNC-0   : Data evaluation: evaluation reason:NEW_REQUEST, Data disallowed reasons: NOT_IN_SERVICE RADIO_POWER_OFF SERVICE_OPTION_NOT_SUPPORTED, candidate profile=null, time=11:48:46.507, network type=UNKNOWN, reg state=UNKNOWN, [NetworkRequest [ REQUEST id=1, [ Capabilities: INTERNET&NOT_RESTRICTED&TRUSTED&NOT_VPN&NOT_VCN_MANAGED&NOT_BANDWIDTH_CONSTRAINED RequestorUid: 1000 RequestorPkg: android UnderlyingNetworks: Null] ], mPriority=20, state=UNSATISFIED, mAttachedDataNetwork=null, created time=11:48:46.246, evaluation result=Data evaluation: evaluation reason:NEW_REQUEST, Data disallowed reasons: NOT_IN_SERVICE RADIO_POWER_OFF SERVICE_OPTION_NOT_SUPPORTED, candidate profile=null, time=11:48:46.507]
06-05 07:48:46.520  2540  2540 D TNP     : onNetworkNeeded: phoneId=0, [NetworkRequest [ REQUEST id=4680, [ Capabilities: INTERNET&NOT_RESTRICTED&TRUSTED&NOT_VCN_MANAGED&NOT_BANDWIDTH_CONSTRAINED Uid: 10184 RequestorUid: 10184 RequestorPkg: com.strava UnderlyingNetworks: Null] ], mPriority=0, state=UNSATISFIED, mAttachedDataNetwork=null, created time=11:48:46.520, evaluation result=null]
06-05 07:48:46.521  2540  2540 D DNC-0   : onAddNetworkRequest: added [NetworkRequest [ REQUEST id=7, [ Capabilities: INTERNET&NOT_RESTRICTED&TRUSTED&NOT_VCN_MANAGED&NOT_BANDWIDTH_CONSTRAINED Uid: 1000 RequestorUid: 1000 RequestorPkg: android UnderlyingNetworks: Null] ], mPriority=20, state=UNSATISFIED, mAttachedDataNetwork=null, created time=11:48:46.273, evaluation result=null]
06-05 07:48:46.568  2540  2540 D DNC-0   : Data evaluation: evaluation reason:NEW_REQUEST, Data disallowed reasons: NOT_IN_SERVICE RADIO_POWER_OFF SERVICE_OPTION_NOT_SUPPORTED, candidate profile=null, time=11:48:46.566, network type=UNKNOWN, reg state=UNKNOWN, [NetworkRequest [ REQUEST id=7, [ Capabilities: INTERNET&NOT_RESTRICTED&TRUSTED&NOT_VCN_MANAGED&NOT_BANDWIDTH_CONSTRAINED Uid: 1000 RequestorUid: 1000 RequestorPkg: android UnderlyingNetworks: Null] ], mPriority=20, state=UNSATISFIED, mAttachedDataNetwork=null, created time=11:48:46.273, evaluation result=Data evaluation: evaluation reason:NEW_REQUEST, Data disallowed reasons: NOT_IN_SERVICE RADIO_POWER_OFF SERVICE_OPTION_NOT_SUPPORTED, candidate profile=null, time=11:48:46.566]
06-05 07:48:46.568  2540  2540 D DNC-0   : onAddNetworkRequest: added [NetworkRequest [ REQUEST id=17, [ Capabilities: INTERNET&NOT_RESTRICTED&TRUSTED&NOT_VCN_MANAGED&NOT_BANDWIDTH_CONSTRAINED Uid: 10140 RequestorUid: 1000 RequestorPkg: android UnderlyingNetworks: Null] ], mPriority=20, state=UNSATISFIED, mAttachedDataNetwork=null, created time=11:48:46.288, evaluation result=null]
06-05 07:48:46.574  2540  2540 D DNC-0   : Data evaluation: evaluation reason:NEW_REQUEST, Data disallowed reasons: NOT_IN_SERVICE RADIO_POWER_OFF SERVICE_OPTION_NOT_SUPPORTED, candidate profile=null, time=11:48:46.569, network type=UNKNOWN, reg state=UNKNOWN, [NetworkRequest [ REQUEST id=17, [ Capabilities: INTERNET&NOT_RESTRICTED&TRUSTED&NOT_VCN_MANAGED&NOT_BANDWIDTH_CONSTRAINED Uid: 10140 RequestorUid: 1000 RequestorPkg: android UnderlyingNetworks: Null] ], mPriority=20, state=UNSATISFIED, mAttachedDataNetwork=null, created time=11:48:46.288, evaluation result=Data evaluation: evaluation reason:NEW_REQUEST, Data disallowed reasons: NOT_IN_SERVICE RADIO_POWER_OFF SERVICE_OPTION_NOT_SUPPORTED, candidate profile=null, time=11:48:46.569]
06-05 07:48:46.575  2540  2540 D DNC-0   : onAddNetworkRequest: added [NetworkRequest [ REQUEST id=19, [ Capabilities: INTERNET&NOT_RESTRICTED&TRUSTED&NOT_VCN_MANAGED&NOT_BANDWIDTH_CONSTRAINED Uid: 10095 RequestorUid: 1000 RequestorPkg: android UnderlyingNetworks: Null] ], mPriority=20, state=UNSATISFIED, mAttachedDataNetwork=null, created time=11:48:46.307, evaluation result=null]
06-05 07:48:46.580  2540  2540 D DNC-0   : Data evaluation: evaluation reason:NEW_REQUEST, Data disallowed reasons: NOT_IN_SERVICE RADIO_POWER_OFF SERVICE_OPTION_NOT_SUPPORTED, candidate profile=null, time=11:48:46.578, network type=UNKNOWN, reg state=UNKNOWN, [NetworkRequest [ REQUEST id=19, [ Capabilities: INTERNET&NOT_RESTRICTED&TRUSTED&NOT_VCN_MANAGED&NOT_BANDWIDTH_CONSTRAINED Uid: 10095 RequestorUid: 1000 RequestorPkg: android UnderlyingNetworks: Null] ], mPriority=20, state=UNSATISFIED, mAttachedDataNetwork=null, created time=11:48:46.307, evaluation result=Data evaluation: evaluation reason:NEW_REQUEST, Data disallowed reasons: NOT_IN_SERVICE RADIO_POWER_OFF SERVICE_OPTION_NOT_SUPPORTED, candidate profile=null, time=11:48:46.578]
06-05 07:48:46.580  2540  2540 D DNC-0   : onAddNetworkRequest: added [NetworkRequest [ REQUEST id=21, [ Capabilities: INTERNET&NOT_RESTRICTED&TRUSTED&NOT_VCN_MANAGED&NOT_BANDWIDTH_CONSTRAINED Uid: 10091 RequestorUid: 1000 RequestorPkg: android UnderlyingNetworks: Null] ], mPriority=20, state=UNSATISFIED, mAttachedDataNetwork=null, created time=11:48:46.308, evaluation result=null]
06-05 07:48:46.582  2540  2540 D DNC-0   : Data evaluation: evaluation reason:NEW_REQUEST, Data disallowed reasons: NOT_IN_SERVICE RADIO_POWER_OFF SERVICE_OPTION_NOT_SUPPORTED, candidate profile=null, time=11:48:46.581, network type=UNKNOWN, reg state=UNKNOWN, [NetworkRequest [ REQUEST id=21, [ Capabilities: INTERNET&NOT_RESTRICTED&TRUSTED&NOT_VCN_MANAGED&NOT_BANDWIDTH_CONSTRAINED Uid: 10091 RequestorUid: 1000 RequestorPkg: android UnderlyingNetworks: Null] ], mPriority=20, state=UNSATISFIED, mAttachedDataNetwork=null, created time=11:48:46.308, evaluation result=Data evaluation: evaluation reason:NEW_REQUEST, Data disallowed reasons: NOT_IN_SERVICE RADIO_POWER_OFF SERVICE_OPTION_NOT_SUPPORTED, candidate profile=null, time=11:48:46.581]
06-05 07:48:46.598  2540  2540 D DNC-0   : onAddNetworkRequest: added [NetworkRequest [ REQUEST id=23, [ Capabilities: INTERNET&NOT_RESTRICTED&TRUSTED&NOT_VCN_MANAGED&NOT_BANDWIDTH_CONSTRAINED Uid: 10054 RequestorUid: 1000 RequestorPkg: android UnderlyingNetworks: Null] ], mPriority=20, state=UNSATISFIED, mAttachedDataNetwork=null, created time=11:48:46.308, evaluation result=null]
06-05 07:48:46.600  2540  2540 D DNC-0   : Data evaluation: evaluation reason:NEW_REQUEST, Data disallowed reasons: NOT_IN_SERVICE RADIO_POWER_OFF SERVICE_OPTION_NOT_SUPPORTED, candidate profile=null, time=11:48:46.599, network type=UNKNOWN, reg state=UNKNOWN, [NetworkRequest [ REQUEST id=23, [ Capabilities: INTERNET&NOT_RESTRICTED&TRUSTED&NOT_VCN_MANAGED&NOT_BANDWIDTH_CONSTRAINED Uid: 10054 RequestorUid: 1000 RequestorPkg: android UnderlyingNetworks: Null] ], mPriority=20, state=UNSATISFIED, mAttachedDataNetwork=null, created time=11:48:46.308, evaluation result=Data evaluation: evaluation reason:NEW_REQUEST, Data disallowed reasons: NOT_IN_SERVICE RADIO_POWER_OFF SERVICE_OPTION_NOT_SUPPORTED, candidate profile=null, time=11:48:46.599]
06-05 07:48:46.601  2540  2540 D DNC-0   : onAddNetworkRequest: added [NetworkRequest [ REQUEST id=25, [ Capabilities: INTERNET&NOT_RESTRICTED&TRUSTED&NOT_VCN_MANAGED&NOT_BANDWIDTH_CONSTRAINED Uid: 10052 RequestorUid: 1000 RequestorPkg: android UnderlyingNetworks: Null] ], mPriority=20, state=UNSATISFIED, mAttachedDataNetwork=null, created time=11:48:46.309, evaluation result=null]
06-05 07:48:46.611  2540  2540 D DNC-0   : Data evaluation: evaluation reason:NEW_REQUEST, Data disallowed reasons: NOT_IN_SERVICE RADIO_POWER_OFF SERVICE_OPTION_NOT_SUPPORTED, candidate profile=null, time=11:48:46.601, network type=UNKNOWN, reg state=UNKNOWN, [NetworkRequest [ REQUEST id=25, [ Capabilities: INTERNET&NOT_RESTRICTED&TRUSTED&NOT_VCN_MANAGED&NOT_BANDWIDTH_CONSTRAINED Uid: 10052 RequestorUid: 1000 RequestorPkg: android UnderlyingNetworks: Null] ], mPriority=20, state=UNSATISFIED, mAttachedDataNetwork=null, created time=11:48:46.309, evaluation result=Data evaluation: evaluation reason:NEW_REQUEST, Data disallowed reasons: NOT_IN_SERVICE RADIO_POWER_OFF SERVICE_OPTION_NOT_SUPPORTED, candidate profile=null, time=11:48:46.601]
06-05 07:48:46.611  2540  2540 D DNC-0   : onAddNetworkRequest: added [NetworkRequest [ REQUEST id=27, [ Capabilities: INTERNET&NOT_RESTRICTED&TRUSTED&NOT_VCN_MANAGED&NOT_BANDWIDTH_CONSTRAINED Uid: 10132 RequestorUid: 1000 RequestorPkg: android UnderlyingNetworks: Null] ], mPriority=20, state=UNSATISFIED, mAttachedDataNetwork=null, created time=11:48:46.329, evaluation result=null]
06-05 07:48:46.613  2540  2540 D DNC-0   : Data evaluation: evaluation reason:NEW_REQUEST, Data disallowed reasons: NOT_IN_SERVICE RADIO_POWER_OFF SERVICE_OPTION_NOT_SUPPORTED, candidate profile=null, time=11:48:46.612, network type=UNKNOWN, reg state=UNKNOWN, [NetworkRequest [ REQUEST id=27, [ Capabilities: INTERNET&NOT_RESTRICTED&TRUSTED&NOT_VCN_MANAGED&NOT_BANDWIDTH_CONSTRAINED Uid: 10132 RequestorUid: 1000 RequestorPkg: android UnderlyingNetworks: Null] ], mPriority=20, state=UNSATISFIED, mAttachedDataNetwork=null, created time=11:48:46.329, evaluation result=Data evaluation: evaluation reason:NEW_REQUEST, Data disallowed reasons: NOT_IN_SERVICE RADIO_POWER_OFF SERVICE_OPTION_NOT_SUPPORTED, candidate profile=null, time=11:48:46.612]
06-05 07:48:46.614  2540  2540 D DNC-0   : onAddNetworkRequest: added [NetworkRequest [ REQUEST id=29, [ Capabilities: INTERNET&NOT_RESTRICTED&TRUSTED&NOT_VCN_MANAGED&NOT_BANDWIDTH_CONSTRAINED Uid: 1000 RequestorUid: 1000 RequestorPkg: android UnderlyingNetworks: Null] ], mPriority=20, state=UNSATISFIED, mAttachedDataNetwork=null, created time=11:48:46.329, evaluation result=null]
06-05 07:48:46.621  2540  2540 D DNC-0   : Data evaluation: evaluation reason:NEW_REQUEST, Data disallowed reasons: NOT_IN_SERVICE RADIO_POWER_OFF SERVICE_OPTION_NOT_SUPPORTED, candidate profile=null, time=11:48:46.619, network type=UNKNOWN, reg state=UNKNOWN, [NetworkRequest [ REQUEST id=29, [ Capabilities: INTERNET&NOT_RESTRICTED&TRUSTED&NOT_VCN_MANAGED&NOT_BANDWIDTH_CONSTRAINED Uid: 1000 RequestorUid: 1000 RequestorPkg: android UnderlyingNetworks: Null] ], mPriority=20, state=UNSATISFIED, mAttachedDataNetwork=null, created time=11:48:46.329, evaluation result=Data evaluation: evaluation reason:NEW_REQUEST, Data disallowed reasons: NOT_IN_SERVICE RADIO_POWER_OFF SERVICE_OPTION_NOT_SUPPORTED, candidate profile=null, time=11:48:46.619]
06-05 07:48:46.626  2540  2540 D DNC-0   : onAddNetworkRequest: added [NetworkRequest [ REQUEST id=33, [ Capabilities: INTERNET&NOT_RESTRICTED&TRUSTED&NOT_VCN_MANAGED&NOT_BANDWIDTH_CONSTRAINED Uid: 1073 RequestorUid: 1073 RequestorPkg: com.google.android.networkstack UnderlyingNetworks: Null] ], mPriority=20, state=UNSATISFIED, mAttachedDataNetwork=null, created time=11:48:46.340, evaluation result=null]
06-05 07:48:46.628  2540  2540 D DNC-0   : Data evaluation: evaluation reason:NEW_REQUEST, Data disallowed reasons: NOT_IN_SERVICE RADIO_POWER_OFF SERVICE_OPTION_NOT_SUPPORTED, candidate profile=null, time=11:48:46.627, network type=UNKNOWN, reg state=UNKNOWN, [NetworkRequest [ REQUEST id=33, [ Capabilities: INTERNET&NOT_RESTRICTED&TRUSTED&NOT_VCN_MANAGED&NOT_BANDWIDTH_CONSTRAINED Uid: 1073 RequestorUid: 1073 RequestorPkg: com.google.android.networkstack UnderlyingNetworks: Null] ], mPriority=20, state=UNSATISFIED, mAttachedDataNetwork=null, created time=11:48:46.341, evaluation result=Data evaluation: evaluation reason:NEW_REQUEST, Data disallowed reasons: NOT_IN_SERVICE RADIO_POWER_OFF SERVICE_OPTION_NOT_SUPPORTED, candidate profile=null, time=11:48:46.627]
06-05 07:48:46.628  2540  2540 D DNC-0   : onAddNetworkRequest: added [NetworkRequest [ REQUEST id=43, [ Capabilities: INTERNET&NOT_RESTRICTED&TRUSTED&NOT_VCN_MANAGED&NOT_BANDWIDTH_CONSTRAINED Uid: 1001 RequestorUid: 1001 RequestorPkg: com.android.phone UnderlyingNetworks: Null] ], mPriority=20, state=UNSATISFIED, mAttachedDataNetwork=null, created time=11:48:46.344, evaluation result=null]
06-05 07:48:46.630  2540  2540 D DNC-0   : Data evaluation: evaluation reason:NEW_REQUEST, Data disallowed reasons: NOT_IN_SERVICE RADIO_POWER_OFF SERVICE_OPTION_NOT_SUPPORTED, candidate profile=null, time=11:48:46.629, network type=UNKNOWN, reg state=UNKNOWN, [NetworkRequest [ REQUEST id=43, [ Capabilities: INTERNET&NOT_RESTRICTED&TRUSTED&NOT_VCN_MANAGED&NOT_BANDWIDTH_CONSTRAINED Uid: 1001 RequestorUid: 1001 RequestorPkg: com.android.phone UnderlyingNetworks: Null] ], mPriority=20, state=UNSATISFIED, mAttachedDataNetwork=null, created time=11:48:46.344, evaluation result=Data evaluation: evaluation reason:NEW_REQUEST, Data disallowed reasons: NOT_IN_SERVICE RADIO_POWER_OFF SERVICE_OPTION_NOT_SUPPORTED, candidate profile=null, time=11:48:46.629]
06-05 07:48:46.631  2540  2540 D DNC-0   : onAddNetworkRequest: added [NetworkRequest [ REQUEST id=45, [ Capabilities: INTERNET&NOT_RESTRICTED&TRUSTED&NOT_VCN_MANAGED&NOT_BANDWIDTH_CONSTRAINED Uid: 1001 RequestorUid: 1001 RequestorPkg: com.android.phone UnderlyingNetworks: Null] ], mPriority=20, state=UNSATISFIED, mAttachedDataNetwork=null, created time=11:48:46.346, evaluation result=null]
06-05 07:48:46.632  2540  2540 D DNC-0   : Data evaluation: evaluation reason:NEW_REQUEST, Data disallowed reasons: NOT_IN_SERVICE RADIO_POWER_OFF SERVICE_OPTION_NOT_SUPPORTED, candidate profile=null, time=11:48:46.631, network type=UNKNOWN, reg state=UNKNOWN, [NetworkRequest [ REQUEST id=45, [ Capabilities: INTERNET&NOT_RESTRICTED&TRUSTED&NOT_VCN_MANAGED&NOT_BANDWIDTH_CONSTRAINED Uid: 1001 RequestorUid: 1001 RequestorPkg: com.android.phone UnderlyingNetworks: Null] ], mPriority=20, state=UNSATISFIED, mAttachedDataNetwork=null, created time=11:48:46.345, evaluation result=Data evaluation: evaluation reason:NEW_REQUEST, Data disallowed reasons: NOT_IN_SERVICE RADIO_POWER_OFF SERVICE_OPTION_NOT_SUPPORTED, candidate profile=null, time=11:48:46.631]
06-05 07:48:46.633  2540  2540 D DNC-0   : onAddNetworkRequest: added [NetworkRequest [ REQUEST id=51, [ Capabilities: INTERNET&NOT_RESTRICTED&TRUSTED&NOT_VCN_MANAGED&NOT_BANDWIDTH_CONSTRAINED Uid: 10098 RequestorUid: 10098 RequestorPkg: com.qualcomm.qti.cne UnderlyingNetworks: Null] ], mPriority=20, state=UNSATISFIED, mAttachedDataNetwork=null, created time=11:48:46.347, evaluation result=null]
06-05 07:48:46.648  2540  2540 D DNC-0   : Data evaluation: evaluation reason:NEW_REQUEST, Data disallowed reasons: NOT_IN_SERVICE RADIO_POWER_OFF SERVICE_OPTION_NOT_SUPPORTED, candidate profile=null, time=11:48:46.633, network type=UNKNOWN, reg state=UNKNOWN, [NetworkRequest [ REQUEST id=51, [ Capabilities: INTERNET&NOT_RESTRICTED&TRUSTED&NOT_VCN_MANAGED&NOT_BANDWIDTH_CONSTRAINED Uid: 10098 RequestorUid: 10098 RequestorPkg: com.qualcomm.qti.cne UnderlyingNetworks: Null] ], mPriority=20, state=UNSATISFIED, mAttachedDataNetwork=null, created time=11:48:46.348, evaluation result=Data evaluation: evaluation reason:NEW_REQUEST, Data disallowed reasons: NOT_IN_SERVICE RADIO_POWER_OFF SERVICE_OPTION_NOT_SUPPORTED, candidate profile=null, time=11:48:46.633]
06-05 07:48:46.662  2540  2540 D DNC-0   : onAddNetworkRequest: added [NetworkRequest [ REQUEST id=55, [ Capabilities: INTERNET&NOT_RESTRICTED&TRUSTED&NOT_VCN_MANAGED&NOT_BANDWIDTH_CONSTRAINED Uid: 10116 RequestorUid: 1000 RequestorPkg: android UnderlyingNetworks: Null] ], mPriority=20, state=UNSATISFIED, mAttachedDataNetwork=null, created time=11:48:46.349, evaluation result=null]
06-05 07:48:46.667  2540  2540 D DNC-0   : Data evaluation: evaluation reason:NEW_REQUEST, Data disallowed reasons: NOT_IN_SERVICE RADIO_POWER_OFF SERVICE_OPTION_NOT_SUPPORTED, candidate profile=null, time=11:48:46.662, network type=UNKNOWN, reg state=UNKNOWN, [NetworkRequest [ REQUEST id=55, [ Capabilities: INTERNET&NOT_RESTRICTED&TRUSTED&NOT_VCN_MANAGED&NOT_BANDWIDTH_CONSTRAINED Uid: 10116 RequestorUid: 1000 RequestorPkg: android UnderlyingNetworks: Null] ], mPriority=20, state=UNSATISFIED, mAttachedDataNetwork=null, created time=11:48:46.349, evaluation result=Data evaluation: evaluation reason:NEW_REQUEST, Data disallowed reasons: NOT_IN_SERVICE RADIO_POWER_OFF SERVICE_OPTION_NOT_SUPPORTED, candidate profile=null, time=11:48:46.662]
06-05 07:48:46.667  2540  2540 D DNC-0   : onAddNetworkRequest: added [NetworkRequest [ REQUEST id=57, [ Capabilities: INTERNET&NOT_RESTRICTED&TRUSTED&NOT_VCN_MANAGED&NOT_BANDWIDTH_CONSTRAINED Uid: 10116 RequestorUid: 10116 RequestorPkg: com.google.android.apps.scone UnderlyingNetworks: Null] ], mPriority=20, state=UNSATISFIED, mAttachedDataNetwork=null, created time=11:48:46.350, evaluation result=null]
06-05 07:48:46.669  2540  2540 D DNC-0   : Data evaluation: evaluation reason:NEW_REQUEST, Data disallowed reasons: NOT_IN_SERVICE RADIO_POWER_OFF SERVICE_OPTION_NOT_SUPPORTED, candidate profile=null, time=11:48:46.667, network type=UNKNOWN, reg state=UNKNOWN, [NetworkRequest [ REQUEST id=57, [ Capabilities: INTERNET&NOT_RESTRICTED&TRUSTED&NOT_VCN_MANAGED&NOT_BANDWIDTH_CONSTRAINED Uid: 10116 RequestorUid: 10116 RequestorPkg: com.google.android.apps.scone UnderlyingNetworks: Null] ], mPriority=20, state=UNSATISFIED, mAttachedDataNetwork=null, created time=11:48:46.350, evaluation result=Data evaluation: evaluation reason:NEW_REQUEST, Data disallowed reasons: NOT_IN_SERVICE RADIO_POWER_OFF SERVICE_OPTION_NOT_SUPPORTED, candidate profile=null, time=11:48:46.667]
06-05 07:48:46.669  2540  2540 D DNC-0   : onAddNetworkRequest: added [NetworkRequest [ REQUEST id=61, [ Capabilities: INTERNET&NOT_RESTRICTED&TRUSTED&NOT_VCN_MANAGED&NOT_BANDWIDTH_CONSTRAINED Uid: 10072 RequestorUid: 1000 RequestorPkg: android UnderlyingNetworks: Null] ], mPriority=20, state=UNSATISFIED, mAttachedDataNetwork=null, created time=11:48:46.351, evaluation result=null]
06-05 07:48:46.671  2540  2540 D DNC-0   : Data evaluation: evaluation reason:NEW_REQUEST, Data disallowed reasons: NOT_IN_SERVICE RADIO_POWER_OFF SERVICE_OPTION_NOT_SUPPORTED, candidate profile=null, time=11:48:46.669, network type=UNKNOWN, reg state=UNKNOWN, [NetworkRequest [ REQUEST id=61, [ Capabilities: INTERNET&NOT_RESTRICTED&TRUSTED&NOT_VCN_MANAGED&NOT_BANDWIDTH_CONSTRAINED Uid: 10072 RequestorUid: 1000 RequestorPkg: android UnderlyingNetworks: Null] ], mPriority=20, state=UNSATISFIED, mAttachedDataNetwork=null, created time=11:48:46.351, evaluation result=Data evaluation: evaluation reason:NEW_REQUEST, Data disallowed reasons: NOT_IN_SERVICE RADIO_POWER_OFF SERVICE_OPTION_NOT_SUPPORTED, candidate profile=null, time=11:48:46.669]
06-05 07:48:46.672  2540  2540 D DNC-0   : onAddNetworkRequest: added [NetworkRequest [ REQUEST id=66, [ Capabilities: INTERNET&NOT_RESTRICTED&TRUSTED&NOT_VCN_MANAGED&NOT_BANDWIDTH_CONSTRAINED Uid: 1000 RequestorUid: 1000 RequestorPkg: android UnderlyingNetworks: Null] ], mPriority=20, state=UNSATISFIED, mAttachedDataNetwork=null, created time=11:48:46.351, evaluation result=null]
06-05 07:48:46.673  2540  2540 D DNC-0   : Data evaluation: evaluation reason:NEW_REQUEST, Data disallowed reasons: NOT_IN_SERVICE RADIO_POWER_OFF SERVICE_OPTION_NOT_SUPPORTED, candidate profile=null, time=11:48:46.672, network type=UNKNOWN, reg state=UNKNOWN, [NetworkRequest [ REQUEST id=66, [ Capabilities: INTERNET&NOT_RESTRICTED&TRUSTED&NOT_VCN_MANAGED&NOT_BANDWIDTH_CONSTRAINED Uid: 1000 RequestorUid: 1000 RequestorPkg: android UnderlyingNetworks: Null] ], mPriority=20, state=UNSATISFIED, mAttachedDataNetwork=null, created time=11:48:46.351, evaluation result=Data evaluation: evaluation reason:NEW_REQUEST, Data disallowed reasons: NOT_IN_SERVICE RADIO_POWER_OFF SERVICE_OPTION_NOT_SUPPORTED, candidate profile=null, time=11:48:46.672]
06-05 07:48:46.674  2540  2540 D DNC-0   : onAddNetworkRequest: added [NetworkRequest [ REQUEST id=68, [ Capabilities: INTERNET&NOT_RESTRICTED&TRUSTED&NOT_VCN_MANAGED&NOT_BANDWIDTH_CONSTRAINED Uid: 10089 RequestorUid: 1000 RequestorPkg: android UnderlyingNetworks: Null] ], mPriority=20, state=UNSATISFIED, mAttachedDataNetwork=null, created time=11:48:46.354, evaluation result=null]
06-05 07:48:46.678  2540  2540 D DNC-0   : Data evaluation: evaluation reason:NEW_REQUEST, Data disallowed reasons: NOT_IN_SERVICE RADIO_POWER_OFF SERVICE_OPTION_NOT_SUPPORTED, candidate profile=null, time=11:48:46.674, network type=UNKNOWN, reg state=UNKNOWN, [NetworkRequest [ REQUEST id=68, [ Capabilities: INTERNET&NOT_RESTRICTED&TRUSTED&NOT_VCN_MANAGED&NOT_BANDWIDTH_CONSTRAINED Uid: 10089 RequestorUid: 1000 RequestorPkg: android UnderlyingNetworks: Null] ], mPriority=20, state=UNSATISFIED, mAttachedDataNetwork=null, created time=11:48:46.354, evaluation result=Data evaluation: evaluation reason:NEW_REQUEST, Data disallowed reasons: NOT_IN_SERVICE RADIO_POWER_OFF SERVICE_OPTION_NOT_SUPPORTED, candidate profile=null, time=11:48:46.674]
06-05 07:48:46.679  2540  2540 D DNC-0   : onAddNetworkRequest: added [NetworkRequest [ REQUEST id=70, [ Capabilities: INTERNET&NOT_RESTRICTED&TRUSTED&NOT_VCN_MANAGED&NOT_BANDWIDTH_CONSTRAINED Uid: 10184 RequestorUid: 1000 RequestorPkg: android UnderlyingNetworks: Null] ], mPriority=20, state=UNSATISFIED, mAttachedDataNetwork=null, created time=11:48:46.355, evaluation result=null]
